"meanfreq","sd","median","Q25","Q75","IQR","skew","kurt","sp.ent","sfm","mode","centroid","meanfun","minfun","maxfun","meandom","mindom","maxdom","dfrange","modindx","label"
0.158859335462127,0.0641296671320236,0.136024290051795,0.116170744775853,0.222239685658153,0.1060689408823,2.60350566917405,12.0430912855263,0.940926077871694,0.547693009759084,0.119521343096982,0.158859335462127,0.113009519562503,0.0432352941176471,0.279113924050633,0.323591248063017,0,5.03876953125,5.03876953125,0.0528611173772464,"male"
0.190159132405406,0.0740949421954659,0.214538310412574,0.138424718699768,0.250144668690838,0.11171994999107,3.12371542606426,31.3863553552655,0.954016269007702,0.638048745633355,0,0.190159132405406,0.122635231571215,0.0431506849315069,0.279113924050633,0.507384562942217,0,4.543505859375,4.543505859375,0.0707978965136662,"male"
0.220644729629763,0.0586510548791773,0.238042507590641,0.206486872655831,0.259946419003393,0.0534595463475621,2.15089383912079,7.6408349173639,0.913592268227554,0.402908227576424,0.260846579746383,0.220644729629763,0.116120086828186,0.0432352941176471,0.279113924050633,0.773842985733696,0,3.4453125,3.4453125,0.1213125,"male"
0.196579025076189,0.0625380828000338,0.21278799785676,0.148976602964815,0.248844436506519,0.0998678335417039,1.7788912204916,7.01354875334148,0.939454626014598,0.463386035769648,0.24319342739775,0.196579025076189,0.122951449093269,0.0434055118110236,0.279113924050633,0.432655572615607,0,2.562451171875,2.562451171875,0.0866929050101053,"male"
0.201928056344087,0.0540286941179521,0.20958742632613,0.161678871227005,0.24934452580818,0.0876656545811752,1.19153633754296,4.08177361462154,0.935225414406584,0.372937576660604,0.26114663332738,0.201928056344087,0.130823512406927,0.0434055118110236,0.277358490566038,0.538863408233359,0,3.725244140625,3.725244140625,0.102359451175611,"male"
0.165514733895906,0.0989707304749706,0.208087158421147,0.0671619932130738,0.258046079657082,0.190884086444008,2.93542497058302,14.4602660474436,0.955672397066537,0.68681304786818,0.00100017860332202,0.165514733895906,0.122230702589746,0.0432352941176471,0.279113924050633,0.74827880859375,0,3.552978515625,3.552978515625,0.10845059935969,"male"
0.1974706268412,0.0800912546288992,0.235942132523665,0.144275763529202,0.25524557956778,0.110969816038578,2.80993450261739,12.0156158907217,0.936819618703228,0.593144247927977,0.00100017860332202,0.1974706268412,0.128370508139015,0.0431506849315069,0.279113924050633,0.986160046214789,0,3.552978515625,3.552978515625,0.206006006006006,"male"
0.211142748749619,0.0635301715262467,0.231441328808716,0.199435613502411,0.253295231291302,0.0538596177888909,2.28276558093826,8.37257552250251,0.919327263844808,0.457822348494294,0.00100017860332202,0.211142748749619,0.116292998524507,0.043108504398827,0.279113924050633,0.817628389246324,0,4.26357421875,4.26357421875,0.111621836340937,"male"
0.195598844688534,0.0704611544641855,0.212187890694767,0.178331844972316,0.245843900696553,0.0675120557242365,2.50698429389762,16.568871804212,0.933021830878781,0.476447050534626,0.0249544561528844,0.195598844688534,0.124896498228285,0.0433628318584071,0.279113924050633,0.413576051441019,0,3.251513671875,3.251513671875,0.0752221418368672,"male"
0.206874793699894,0.0632041963455942,0.214788355063404,0.186033220217896,0.254145383104126,0.0681121628862297,2.5333432414166,14.9459824632707,0.916623706794514,0.402819947273087,0.000950169673155921,0.206874793699894,0.112131071033516,0.0432352941176471,0.279113924050633,0.836837064302885,0,9.453076171875,9.453076171875,0.0608167442474662,"male"
0.199577722626655,0.0644217960698698,0.216238614038221,0.152327201285944,0.254145383104126,0.101818181818182,1.8256932546556,7.32449317213397,0.946671060983021,0.557877673712166,0.270048222896946,0.199577722626655,0.118820842193959,0.0431506849315069,0.277358490566038,0.446851786629098,0,3.509912109375,3.509912109375,0.0713768954740132,"male"
0.234438275286468,0.052151784118298,0.249294516878014,0.225290230398285,0.267247722807644,0.0419574924093588,3.08572229571905,15.1776475919284,0.881697418515529,0.266705057345724,0.279599928558671,0.234438275286468,0.12855177877684,0.043108504398827,0.279113924050633,0.650041725852273,0,6.050830078125,6.050830078125,0.0669719310604496,"male"
0.219715277183196,0.0591375232714088,0.237192355777817,0.205786747633506,0.258896231469905,0.0531094838363993,2.25605795662097,9.30889757212619,0.912678496125236,0.408001409640403,0.00100017860332202,0.219715277183196,0.116153393680633,0.0431506849315069,0.279113924050633,0.769941729809864,0,3.83291015625,3.83291015625,0.113274530615233,"male"
0.231611870187034,0.048565206923017,0.247844257903197,0.211187712091445,0.265397392391499,0.0542096803000536,2.85380310752059,12.429716766838,0.893326244718241,0.294188817222802,0.267147704947312,0.231611870187034,0.115748572076752,0.0432352941176471,0.279113924050633,0.513657924107143,0,6.696826171875,6.696826171875,0.0381084727195269,"male"
0.211959129456623,0.0765553561641833,0.244243614931238,0.191534202536167,0.265097338810502,0.0735631362743347,3.82256185092904,28.2191129831169,0.913772045590344,0.434215757540715,0.00100017860332202,0.211959129456623,0.128111308314279,0.0431929480901077,0.279113924050633,0.899495122673806,0,3.40224609375,3.40224609375,0.191031182463723,"male"
0.208170276727676,0.0567113240803004,0.226940525093767,0.166879799964279,0.251244865154492,0.0843650651902126,1.88852143435921,7.16531618739474,0.927898423964168,0.454496496839589,0.249294516878014,0.208170276727676,0.116174955236639,0.0431506849315069,0.277358490566038,0.551451873779297,0,3.639111328125,3.639111328125,0.0742245919760713,"male"
0.223357360439008,0.0506407371559217,0.242393284515092,0.207587069119486,0.258696195749241,0.0511091266297553,2.75405613207709,12.520735893603,0.901616552150341,0.318429643433308,0.246544025718878,0.223357360439008,0.12854947150502,0.0431506849315069,0.279113924050633,0.486531995006443,0,2.41171875,2.41171875,0.0711637409200968,"male"
0.201281709408041,0.0571379242698987,0.203786390426862,0.169580282193249,0.24819432041436,0.0786140382211109,1.53071219360901,5.27402771754327,0.937997466204971,0.486512269388961,0.279149848187176,0.201281709408041,0.153110482879663,0.0437066402378593,0.279113924050633,0.541248497596154,0,5.318701171875,5.318701171875,0.0445344129554656,"male"
0.186743125108782,0.0599401788067938,0.196335059832113,0.154377567422754,0.22779067690659,0.0734131094838364,2.18941572601067,13.9615418804337,0.933284347842672,0.439069578014547,0.0250544740132166,0.186743125108782,0.149481134658164,0.0431506849315069,0.279113924050633,0.485445423818005,0,2.583984375,2.583984375,0.0664209115281501,"male"
0.21329373708475,0.0489896048589919,0.218188962314699,0.182032505804608,0.253995356313627,0.0719628505090195,1.68975795176577,5.96441742061942,0.920658660478795,0.325242816464972,0.266297553134488,0.21329373708475,0.132087737739091,0.043108504398827,0.279113924050633,0.530320423054245,0,3.294580078125,3.294580078125,0.0960027928085181,"male"
0.220921482662493,0.0684071580822612,0.25409537417396,0.191734238256832,0.265597428112163,0.0738631898553313,3.63627093735592,17.9994488963787,0.898512096836881,0.429990178508156,0.258046079657082,0.220921482662493,0.12844138999519,0.0431929480901077,0.279113924050633,0.734841750738189,0,9.453076171875,9.453076171875,0.037939333101682,"male"
0.189867548152222,0.0572194219334397,0.191284157885337,0.14852652259332,0.236742275406323,0.0882157528130023,1.14040449861662,4.11720790591508,0.94407649574299,0.467472095580793,0.14917663868548,0.189867548152222,0.133891989244115,0.0431929480901077,0.279113924050633,0.696586149284639,0,8.462548828125,8.462548828125,0.06174132099776,"male"
0.196195054663092,0.0604226872473588,0.208837292373638,0.152977317378103,0.245993927487051,0.093016610108948,1.53828943197443,6.00013015466414,0.942151130493033,0.485955690597206,0.278399714234685,0.196195054663092,0.125881924248565,0.043108504398827,0.279113924050633,0.505641119164157,0,3.036181640625,3.036181640625,0.0864346877297849,"male"
0.210495216212149,0.0524250416022686,0.220889444543669,0.195534916949455,0.244393641721736,0.0488587247722808,1.79084569002847,5.91229991430267,0.924347279727944,0.417863104910191,0.225190212537953,0.210495216212149,0.122021727823359,0.0433628318584071,0.279113924050633,0.483912836119186,0,3.31611328125,3.31611328125,0.0793690988677061,"male"
0.208765319931908,0.0526997757722485,0.221439542775496,0.176481514556171,0.246093945347383,0.0696124307912127,1.57564050626694,5.36111430765642,0.927250921371774,0.388908916505326,0.278599749955349,0.208765319931908,0.135349878762916,0.0434055118110236,0.279113924050633,0.496981420272436,0,3.4453125,3.4453125,0.0796924920127796,"male"
0.186384274990032,0.076153413790926,0.194434720485801,0.137024468655117,0.254895517056617,0.1178710484015,2.7526604194816,16.5451741691179,0.953554996313576,0.623212690095316,0,0.186384274990032,0.12185590961082,0.043108504398827,0.273913043478261,0.412709617077465,0,4.457373046875,4.457373046875,0.0494319608799066,"male"
0.220997901648019,0.0650104255097942,0.24434363279157,0.211037685300947,0.261796749419539,0.0507590641185926,3.01952768972329,15.0111015560767,0.907666308708499,0.435191704281935,0.277749598142525,0.220997901648019,0.121855633068216,0.043108504398827,0.279113924050633,0.509688827366505,0,3.273046875,3.273046875,0.0429337231968811,"male"
0.20142483804065,0.0860649927475426,0.244843722093231,0.15147704947312,0.265847472762993,0.114370423289873,3.34483166807262,15.7083488368537,0.926773706665723,0.54187184457612,0.269398106804787,0.20142483804065,0.124218843346502,0.0432352941176471,0.279113924050633,0.727023095199742,0,3.40224609375,3.40224609375,0.1180701279361,"male"
0.201472261095012,0.0543938337433217,0.205436685122343,0.168830148240757,0.244893731023397,0.0760635827826397,1.24475634851913,4.15609272400375,0.938351310175071,0.440851678745099,0.200285765315235,0.201472261095012,0.107717798947893,0.043108504398827,0.279113924050633,0.5331046875,0,3.48837890625,3.48837890625,0.0817412032589746,"male"
0.186727927249896,0.0614167979593193,0.196735131273442,0.141775317020897,0.23369173066619,0.0919164136452938,1.58736560893988,6.42313841002534,0.94583510332884,0.517595473393519,0.102968387212002,0.186727927249896,0.103529787753737,0.0431506849315069,0.279113924050633,0.491073426942568,0,3.380712890625,3.380712890625,0.0742176682359457,"male"
0.206307206354279,0.0572834132092103,0.212637971066262,0.177681728880157,0.257946061796749,0.0802643329165922,2.14519575230454,9.2398784131615,0.927595658782626,0.42380675883954,0.26704768708698,0.206307206354279,0.107563451243399,0.0431506849315069,0.279113924050633,0.441769236438679,0,3.380712890625,3.380712890625,0.0451417090582653,"male"
0.212068413411992,0.0574887829573673,0.22549026611895,0.175281300232184,0.260096445793892,0.0848151455617075,2.93355365950571,14.788691907464,0.91871312328919,0.404135784935127,0.266347562064654,0.212068413411992,0.135548123309175,0.0433202357563851,0.279113924050633,0.479483614623092,0,3.509912109375,3.509912109375,0.0648553900087643,"male"
0.202289417666106,0.0575640567967496,0.214188247901411,0.1798321128773,0.247794248973031,0.0679621360957314,2.10071076205013,8.21977736313016,0.925554893131165,0.418456033544855,0.207937131630648,0.202289417666106,0.122449070248995,0.0432352941176471,0.279113924050633,0.528500937912269,0,5.577099609375,5.577099609375,0.0656698787010402,"male"
0.205501569980751,0.0667047054710589,0.224690123236292,0.183632791569923,0.251894981246651,0.068262189676728,1.94092418981147,7.90618277511092,0.932246376993521,0.463743138201839,0.00105018753348812,0.205501569980751,0.136635091876666,0.0431506849315069,0.279113924050633,0.875098041735197,0,6.696826171875,6.696826171875,0.0896313384578386,"male"
0.215039128401272,0.0596930556270076,0.232391498481872,0.197935345597428,0.254495445615288,0.0565601000178603,2.47445457843488,10.9410017464254,0.918486231035712,0.436935975581528,0.25204500803715,0.215039128401272,0.114115178713763,0.0433202357563851,0.277358490566038,0.563461518847911,0,6.567626953125,6.567626953125,0.0266302367941712,"male"
0.194786332982253,0.0639031921457033,0.209737453116628,0.148176460082158,0.247694231112699,0.0995177710305412,1.40156476595596,5.15210909356508,0.949514724538451,0.530588115891182,0.248344347204858,0.194786332982253,0.131624209200899,0.0432352941176471,0.279113924050633,0.761221638131649,0,3.897509765625,3.897509765625,0.137475184290309,"male"
0.194171044951109,0.0642360237577856,0.208337203071977,0.150426861939632,0.24729415967137,0.0968672977317378,1.34307025850472,5.37474269785177,0.952278311404848,0.571674495792296,0.00105018753348812,0.194171044951109,0.135643126959557,0.0431506849315069,0.279113924050633,1.2872548828125,0,3.983642578125,3.983642578125,0.218750700908377,"male"
0.192054438345392,0.0739445063656116,0.197485265225933,0.150226826218968,0.259446329701732,0.109219503482765,3.97960662151831,45.3678277332811,0.936727496117649,0.56242287539397,0.00100017860332202,0.192054438345392,0.120477633694592,0.043108504398827,0.279113924050633,0.741311233108108,0,3.74677734375,3.74677734375,0.14816091954023,"male"
0.201463888083214,0.0601957692960267,0.208737274513306,0.165879621360957,0.254145383104126,0.0882657617431684,1.83820086856929,7.79860758004483,0.943079234740163,0.480874205452046,0.277749598142525,0.201463888083214,0.124792749259211,0.043108504398827,0.279113924050633,0.591334885817308,0,3.273046875,3.273046875,0.0948736321000521,"male"
0.211779170481111,0.0545506946798845,0.225240221468119,0.186333273798893,0.250094659760672,0.0637613859617789,1.88888086739123,9.26982282832474,0.923644295228085,0.38328740523777,0.00100017860332202,0.211779170481111,0.140163435595925,0.0439243027888446,0.279113924050633,0.524596302903543,0,3.0146484375,3.0146484375,0.076720947446336,"male"
0.198013938279988,0.0684271347723762,0.213088051437757,0.178131809251652,0.245393820325058,0.0672620110734059,7.25493585517673,184.808401567504,0.937376409675427,0.460764348051306,0,0.198013938279988,0.135168819287819,0.0431506849315069,0.279113924050633,0.581186745383523,0,3.509912109375,3.509912109375,0.114029893170997,"male"
0.194919624449541,0.070520119309636,0.216988747990713,0.147676370780497,0.251044829433827,0.103368458653331,3.85882765781254,54.0861046995136,0.949553077911334,0.612696472918263,0.00100017860332202,0.194919624449541,0.127484650532001,0.0431506849315069,0.279113924050633,1.23505284926471,0,4.00517578125,4.00517578125,0.194672531769306,"male"
0.211842550166513,0.0570641027958518,0.222039649937489,0.184032863011252,0.255145561707448,0.0711126986961958,1.58508901408328,5.26310211796366,0.927888629643506,0.441649983659779,0.213238078228255,0.211842550166513,0.120557966027226,0.043108504398827,0.279113924050633,1.14607969771984,0,4.026708984375,4.026708984375,0.212719376951513,"male"
0.212302351500271,0.0576844214783916,0.226240400071441,0.190634041793177,0.254195392034292,0.0635613502411145,1.89105918163869,6.72426904125843,0.928445529649431,0.462317437693024,0.275949276656546,0.212302351500271,0.119786681370012,0.0431506849315069,0.279113924050633,0.773864169034091,0,3.294580078125,3.294580078125,0.150684931506849,"male"
0.202555221501771,0.0660407230869175,0.21983925701018,0.189283800678693,0.246043936417217,0.0567601357385247,2.04009002191373,9.53151378247062,0.931557063355186,0.476756253752318,0.00100017860332202,0.202555221501771,0.126948353585175,0.0436633663366337,0.279113924050633,0.989649815096003,0,4.112841796875,4.112841796875,0.158690906280791,"male"
0.193869756535614,0.0683392860442766,0.216138596177889,0.164629398106805,0.243693516699411,0.0790641185926058,6.20568800094636,129.501507995883,0.945616275511793,0.611463628239217,0.00100017860332202,0.193869756535614,0.134337644200406,0.0431929480901077,0.279113924050633,1.33957790798611,0,3.617578125,3.617578125,0.207427536231884,"male"
0.19388339468938,0.0588376425298614,0.202236113591713,0.151527058403286,0.242943382746919,0.0914163243436328,1.17545105156973,4.56301309147449,0.948784833540332,0.464311758850112,0.120321485979639,0.19388339468938,0.108430857592148,0.043108504398827,0.279113924050633,0.556795873397436,0,2.75625,2.75625,0.102081685126582,"male"
0.212882090935183,0.0533311320355931,0.230991248437221,0.179382032505805,0.252195034827648,0.0728130023218432,2.09780286117007,8.01905711180171,0.924223196099897,0.384007747516489,0.243343454188248,0.212882090935183,0.132600207581866,0.0431506849315069,0.279113924050633,0.608617703419811,0,3.617578125,3.617578125,0.137955182072829,"male"
0.224019478331951,0.0444095126212496,0.230241114484729,0.205336667262011,0.255595642078943,0.0502589748169316,1.79094267710112,5.81808173841867,0.904456153525418,0.312286129383674,0.278899803536346,0.224019478331951,0.120380014304173,0.0431929480901077,0.279113924050633,0.581561700767263,0,3.48837890625,3.48837890625,0.0815517414433404,"male"
0.204052048916763,0.0589421635327456,0.222439721378818,0.155977853188069,0.25319521343097,0.0972173602429005,1.87337677830801,7.39543886502644,0.93833215199709,0.437485061885955,0.253895338453295,0.204052048916763,0.131544438761994,0.0431506849315069,0.277358490566038,0.817742846385542,0,3.3591796875,3.3591796875,0.161626878868258,"male"
0.211342659247251,0.0533705861403141,0.224040007144133,0.186383282729059,0.249894624040007,0.0635113413109484,1.88018300733468,6.7689500778571,0.928164356591144,0.421761164796233,0.22869083764958,0.211342659247251,0.131415717874302,0.0446808510638298,0.279113924050633,0.787810724431818,0,6.869091796875,6.869091796875,0.0811550038092145,"male"
0.213217784921991,0.0699215679355966,0.238742632612967,0.203836399357028,0.258496160028577,0.0546597606715485,2.42898483499273,9.44052927694219,0.918542370811747,0.421950166068936,0.247244150741204,0.213217784921991,0.130345157555281,0.043108504398827,0.279113924050633,0.585072884908537,0,2.863916015625,2.863916015625,0.0754270836100853,"male"
0.179161935755143,0.0701014762277893,0.188333631005537,0.143775674227541,0.232641543132702,0.0888658689051617,6.21368218562912,141.73410606923,0.959319908886654,0.632477143547341,0.00100017860332202,0.179161935755143,0.138512528525204,0.0434055118110236,0.279113924050633,1.69636089618389,0,3.48837890625,3.48837890625,0.190421290291589,"male"
0.143345492631772,0.0676158024246984,0.159028397928201,0.0966672620110734,0.184132880871584,0.0874656188605108,2.74576457669782,12.5192742644778,0.946249572650658,0.629018243826104,0.16007858546169,0.143345492631772,0.139061691754433,0.0432352941176471,0.277358490566038,0.365739831972362,0,5.490966796875,5.490966796875,0.0562402738873327,"female"
0.185825846625673,0.0700811276395862,0.211787819253438,0.128622968387212,0.243843543489909,0.115220575102697,1.79559309905813,7.12465671450332,0.951930467871819,0.584626161850575,0.237242364707984,0.185825846625673,0.171417279256687,0.0471512770137525,0.27906976744186,0.330235128617363,0,2.6953125,2.6953125,0.0895380434782609,"female"
0.186497230564564,0.0541027934283288,0.191334166815503,0.171830684050723,0.214438292552241,0.0426076085015181,2.3540622745355,9.57705034530319,0.920587773379797,0.423873945753518,0.17803179139132,0.186497230564564,0.164700708134384,0.0431929480901077,0.279113924050633,0.693201013513513,0,3.1869140625,3.1869140625,0.127902231090151,"female"
0.201373109348955,0.0645346704689029,0.214988390784069,0.185283086265405,0.241993213073763,0.0567101268083586,2.80802071068827,16.3054733402403,0.928050882457436,0.459821928137293,0.212687979996428,0.201373109348955,0.154243329577366,0.0431506849315069,0.275625,0.550205006318934,0,2.928515625,2.928515625,0.0768801191362621,"female"
0.181038603816597,0.0744850882440407,0.198135381318093,0.14557599571352,0.237142346847651,0.0915663511341311,3.92587914475521,57.7021745000618,0.960618571703523,0.640064515760762,0,0.181038603816597,0.171943773293787,0.0432352941176471,0.279113924050633,0.533824669471154,0,4.586572265625,4.586572265625,0.0584246218049035,"female"
0.208771955338302,0.0610877977006063,0.224940167887123,0.198485443829255,0.246644043579211,0.0481585997499554,2.00502940648333,6.91776513626507,0.91840278491538,0.410321674987418,0.238792641543133,0.208771955338302,0.177153421185448,0.0431506849315069,0.279113924050633,0.759182042155774,0,3.962109375,3.962109375,0.123698512585812,"female"
0.207259982646173,0.0602935421748502,0.217688873013038,0.181382389712449,0.253295231291302,0.0719128415788534,1.79605876909473,7.00752922975361,0.930221301360611,0.473863610001593,0.00100017860332202,0.207259982646173,0.180154352944745,0.04375,0.279113924050633,0.60611716822574,0,2.41171875,2.41171875,0.124302455357143,"female"
0.197488974236831,0.0535662186605793,0.207337024468655,0.179031969994642,0.229290944811573,0.0502589748169316,2.06035249616249,7.82082521272174,0.928556928672664,0.493037509396394,0.00100017860332202,0.197488974236831,0.16528258411337,0.0431929480901077,0.275625,0.519144732038551,0,3.3591796875,3.3591796875,0.0818456287739564,"female"
0.206206571684835,0.0356578612411744,0.20393641721736,0.184632970173245,0.232741560993034,0.0481085908197892,2.14749317993183,8.69465946027227,0.899025376210272,0.189628463261494,0.185333095195571,0.206206571684835,0.138043009950295,0.043108504398827,0.279113924050633,0.441823196411133,0,2.562451171875,2.562451171875,0.0566097406704617,"female"
0.176614104636122,0.0768644085794475,0.193784604393642,0.13762457581711,0.239242721914628,0.101618146097517,2.99073277611791,39.7016058194168,0.965724363430637,0.687089698770042,0,0.176614104636122,0.141579264992012,0.0438805970149254,0.277358490566038,0.477691425846572,0,3.380712890625,3.380712890625,0.0807992603246353,"female"
0.107425389230868,0.0985781422592389,0.0705125915342025,0.011402036077871,0.211937846043936,0.200535809966065,59.6507533941856,3760.65838301577,0.863554540479527,0.184106544127669,0,0.107425389230868,0.13483137891192,0.043108504398827,0.277358490566038,0.164052961482558,0,1.485791015625,1.485791015625,0.12499577716969,"female"
0.197433083663344,0.0612934926607494,0.217688873013038,0.179382032505805,0.237792462939811,0.0584104304340061,2.50108431328013,10.3507485963184,0.937536434744615,0.559496297427678,0.218889087337024,0.197433083663344,0.151089018817555,0.0432352941176471,0.279113924050633,0.681031468531469,0,3.3591796875,3.3591796875,0.117111031045457,"female"
0.206954308491282,0.0593073596327418,0.221789605286658,0.189383818539025,0.246944097160207,0.0575602786211823,1.66614180215932,5.37271974678482,0.935136760185648,0.506804467163017,0.22073941775317,0.206954308491282,0.152253474011984,0.0432777232580962,0.279113924050633,0.52391108960177,0,3.5314453125,3.5314453125,0.0572088570715059,"female"
0.210712273248994,0.064437545675533,0.22844079299875,0.203086265404537,0.252745133059475,0.0496588676549384,2.97848270261714,17.6977038315337,0.90287677110221,0.342260731472246,0.0249544561528844,0.210712273248994,0.172285845715542,0.043108504398827,0.279113924050633,0.552106697328629,0,3.036181640625,3.036181640625,0.107222055738687,"female"
0.210514564161716,0.0528300479740936,0.22343989998214,0.193984640114306,0.245143775674228,0.0511591355599214,2.12552147562051,8.27084693495873,0.923854441653664,0.438996481242378,0.227490623325594,0.210514564161716,0.168113179813427,0.0432777232580962,0.279113924050633,0.566584250710227,0,2.8423828125,2.8423828125,0.0725583538083538,"female"
0.20547245755022,0.070767141476074,0.228140739417753,0.183332737988927,0.255745668869441,0.0724129308805144,2.22088913727555,8.63666432791768,0.938069867628305,0.567234360760749,0.277899624933024,0.20547245755022,0.176669593222025,0.0435770750988142,0.279113924050633,0.683564660904255,0,3.48837890625,3.48837890625,0.0723790730621332,"female"
0.193721511147999,0.0694830385313622,0.211537774602608,0.1680300053581,0.242893373816753,0.0748633684586534,1.70578128049115,9.58944263364759,0.948081618057048,0.527641248623565,0,0.193721511147999,0.161798286245925,0.0437934458788481,0.279113924050633,0.710790868108006,0,3.596044921875,3.596044921875,0.0958286816198112,"female"
0.205061462765096,0.045649577758721,0.212137881764601,0.185833184497232,0.233341668155028,0.047508483657796,1.97742094487109,7.56244230705352,0.914935349560241,0.348912362855165,0.216388640828719,0.205061462765096,0.161690330622398,0.043108504398827,0.279113924050633,0.463464639353198,0,3.682177734375,3.682177734375,0.0552222031735147,"female"
0.172344306084992,0.0478982345009141,0.167329880335774,0.155677799607073,0.189483836399357,0.0338060367922843,3.58463105341094,18.8096629083354,0.902276578010746,0.448233742579975,0.15827826397571,0.172344306084992,0.150493173642622,0.0431929480901077,0.279113924050633,0.513520083220109,0,1.72265625,1.72265625,0.135532069970845,"female"
0.20639316922477,0.0502407099405998,0.213538131809252,0.190233970351849,0.237592427219146,0.0473584568672977,1.84774696018037,7.36288850401786,0.918341235901009,0.394099486152164,0.00100017860332202,0.20639316922477,0.1619996034469,0.043448275862069,0.279113924050633,1.37639115767045,0,3.466845703125,3.466845703125,0.236902511477181,"female"
0.195008740658492,0.0566231953886054,0.199135559921415,0.165229505268798,0.238392570101804,0.0731630648330059,1.50888079428018,6.33686512034232,0.940284753838241,0.492000848382353,0.00100017860332202,0.195008740658492,0.161642538342619,0.048048048048048,0.27906976744186,0.678500791139241,0,3.8203125,3.8203125,0.103054195920356,"female"
0.216680152512395,0.0616889525780474,0.233191641364529,0.195534916949455,0.260196463654224,0.0646615467047687,2.42736232006487,12.5122008070693,0.918523073025901,0.398558065360032,0.00100017860332202,0.216680152512395,0.149641878733909,0.0469208211143695,0.27906976744186,0.634919241573034,0,2.765625,2.765625,0.0872140858976469,"female"
0.187033456612778,0.0451142699598139,0.185683157706733,0.166479728522951,0.211487765672442,0.045008037149491,3.12445546373757,17.6074371877268,0.91649069519223,0.396759505762761,0.167929987497767,0.187033456612778,0.161011477857103,0.0470127326150832,0.27906976744186,0.469439338235294,0,2.25,2.25,0.13460233441911,"female"
0.207687530166146,0.0425654840847783,0.204636542239686,0.181032327201286,0.243093409537417,0.0620610823361315,1.56913471380124,5.57729190669256,0.915503211887841,0.285812844559442,0.196085015181282,0.207687530166146,0.160696100826962,0.0470588235294118,0.27906976744186,0.446388319672131,0,2.6015625,2.6015625,0.0876633090655231,"female"
0.192378133067926,0.0517487458027161,0.19573495267012,0.156577960350063,0.231741382389712,0.07516342203965,1.12452849388525,3.74166329865457,0.941824697991062,0.463444410272309,0.164279335595642,0.192378133067926,0.16367847428237,0.0121287128712871,0.26890243902439,0.367987060546875,0,1.09281005859375,1.09281005859375,0.166649198197254,"female"
0.210004075100097,0.0546364262119393,0.221539560635828,0.192984461510984,0.249694588319343,0.0567101268083586,2.25645511795117,8.98081959483183,0.915762545830168,0.394985146839781,0.234191819967851,0.210004075100097,0.159897479995556,0.0431929480901077,0.279113924050633,0.525197190504808,0,7.859619140625,7.859619140625,0.0273972602739726,"female"
0.209688094594083,0.0574932588098366,0.215338453295231,0.189633863189855,0.253395249151634,0.0637613859617789,2.50701663077232,11.7414781619657,0.915662283366033,0.408093858228378,0.19098410430434,0.209688094594083,0.144354765049366,0.0431506849315069,0.279113924050633,0.415561322773973,0,2.79931640625,2.79931640625,0.0492760180995475,"female"
0.201872942427752,0.0462944079777172,0.202886229683872,0.184732988033577,0.228940882300411,0.0442078942668334,2.46769117345865,10.9542336777495,0.904860728952691,0.297204467671438,0.19573495267012,0.201872942427752,0.16876018532861,0.0433628318584071,0.277358490566038,0.527648252952756,0,3.294580078125,3.294580078125,0.0850609584808135,"female"
0.220594621992137,0.0548329253804888,0.229891051973567,0.200435792105733,0.259446329701732,0.0590105375959993,1.78470196365608,6.24999131112601,0.908199696759028,0.329943497550395,0.278399714234685,0.220594621992137,0.160951520786147,0.043108504398827,0.279113924050633,0.761154197080292,0,3.639111328125,3.639111328125,0.138765512254866,"female"
0.207312446028329,0.0621181794864445,0.220389355242008,0.188433648865869,0.249644579389177,0.0612109305233077,1.57892508749165,5.08753558795242,0.929851314127849,0.46975161212684,0.243993570280407,0.207312446028329,0.152322984753685,0.0432777232580962,0.279113924050633,0.619864654541016,0,3.337646484375,3.337646484375,0.0656296950950066,"female"
0.206667868214016,0.0539501030258007,0.216388640828719,0.190283979282015,0.240993034470441,0.0507090551884265,1.95238685014273,6.84611812062346,0.917973865330092,0.415634567512494,0.187683514913377,0.206667868214016,0.175832803613128,0.0469208211143695,0.27906976744186,0.776570235148515,0,3.046875,3.046875,0.128232848232848,"female"
0.23099308936669,0.0427985756626844,0.238192534381139,0.210587604929452,0.263447044115021,0.0528594391855689,2.15943535111931,7.6993728731441,0.888138804409172,0.2305819706076,0.275849258796214,0.23099308936669,0.164375758487704,0.0470588235294118,0.27906976744186,0.564008042895442,0,2.1796875,2.1796875,0.0630470117529382,"female"
0.1934668656115,0.0600771592524545,0.19303447044115,0.158228255045544,0.248944454366851,0.0907161993213074,1.61454548643324,5.94896491800545,0.941799055627064,0.516492766461508,0.00100017860332202,0.1934668656115,0.141905719998641,0.0471512770137525,0.27906976744186,0.593090503246753,0,4.2890625,4.2890625,0.0816680627019265,"female"
0.218640762412649,0.0552908832614101,0.235892123593499,0.204286479728523,0.25409537417396,0.0498088944454367,2.38734682751175,9.80423293373497,0.912529406991381,0.402812661528672,0.246293981068048,0.218640762412649,0.213047837365749,0.018375,0.275625,0.783957493558843,0.20994873046875,3.0684814453125,2.85853271484375,0.184037924540555,"female"
0.18805989939694,0.0606158091228668,0.192284336488659,0.16828005000893,0.22343989998214,0.0551598499732095,3.19598123625323,21.5941926963854,0.931335443421206,0.527679305403038,0.00100017860332202,0.18805989939694,0.142096966165873,0.0473372781065089,0.27906976744186,0.67450794198895,0,6.3046875,6.3046875,0.0719719892798479,"female"
0.20575934180615,0.0439193415718786,0.207987140560814,0.185333095195571,0.236092159314163,0.0507590641185926,1.71633015868562,5.9632472156335,0.915878845699446,0.33020559811511,0.208337203071977,0.20575934180615,0.172060713992533,0.0432777232580962,0.277358490566038,0.444640582540761,0,2.390185546875,2.390185546875,0.097452625038832,"female"
0.179649195133385,0.0608663486436667,0.178531880692981,0.144225754599036,0.22639042686194,0.0821646722629041,1.34310140686979,4.96498954924796,0.955427804828983,0.612911915902274,0.161428826576174,0.179649195133385,0.14137611867579,0.043108504398827,0.279113924050633,0.498611998366287,0,4.285107421875,4.285107421875,0.069281064412974,"female"
0.199075766447533,0.0546542692586013,0.202936238614038,0.1798321128773,0.235692087872834,0.0558599749955349,2.57004332537121,19.7156909479087,0.925665955434594,0.388133745314791,0,0.199075766447533,0.16701603742844,0.0439680957128614,0.279113924050633,0.587603113511029,0,6.869091796875,6.869091796875,0.056910227009741,"female"
0.200811751898652,0.0551232481240027,0.205436685122343,0.177581711019825,0.240342918378282,0.0627612073584569,1.73654203911805,7.57728363745099,0.933563414090728,0.48137672086928,0.00100017860332202,0.200811751898652,0.158388032630946,0.0431929480901077,0.279113924050633,0.540190089026163,0,3.273046875,3.273046875,0.0623829831495735,"female"
0.193540508534481,0.051717359926299,0.202886229683872,0.167929987497767,0.232991605643865,0.0650616181460975,1.73770230886962,6.29034061298888,0.93510469493705,0.410036286098223,0.211837828183604,0.193540508534481,0.146586067743609,0.0431929480901077,0.279113924050633,0.501507026627219,0,3.1869140625,3.1869140625,0.107149084568439,"female"
0.204938061661513,0.0480882501197098,0.210137524557957,0.188283622075371,0.236542239685658,0.0482586176102876,2.90803208746985,17.2561779710593,0.90239403945117,0.348795413877871,0.00100017860332202,0.204938061661513,0.15240146572107,0.0434055118110236,0.279113924050633,0.776458433353701,0,3.57451171875,3.57451171875,0.115201984408221,"female"
0.213246289339031,0.0737496662101902,0.243143418467583,0.202986247544204,0.260546526165387,0.0575602786211824,3.59201803661867,23.2245462589344,0.910782905643496,0.486996661133667,0.00100017860332202,0.213246289339031,0.180801807589365,0.0431929480901077,0.279113924050633,1.26735950816761,0,2.906982421875,2.906982421875,0.246110131295316,"female"
0.185761085965832,0.0697824660026387,0.201285943918557,0.153677442400429,0.238892659403465,0.0852152170030363,1.68842303462063,6.05527306019101,0.958622616401196,0.649203805502986,0.00100017860332202,0.185761085965832,0.15480041499836,0.0431929480901077,0.279113924050633,0.872581352621822,0,3.8759765625,3.8759765625,0.141363636363636,"female"
0.188682053994091,0.064433142934985,0.203136274334703,0.176281478835506,0.233591712805858,0.0573102339703519,4.15358361464807,49.4410620758306,0.929468230039825,0.495755134556442,0.00100017860332202,0.188682053994091,0.168354032749589,0.0432352941176471,0.279113924050633,0.721850217145015,0,5.921630859375,5.921630859375,0.0625902864259029,"female"
0.219950472008461,0.0425257819022317,0.220139310591177,0.193984640114306,0.254695481335953,0.0607108412216467,1.63783329557955,5.27127421280677,0.902849804887057,0.257565153487775,0.187033398821218,0.219950472008461,0.162064268487328,0.0432777232580962,0.279113924050633,0.700723912952413,0,5.684765625,5.684765625,0.0807243908828923,"female"
0.215853820185275,0.0563097760021623,0.22869083764958,0.195934988390784,0.254195392034292,0.0582604036435078,2.54436593538183,22.0425976714309,0.91230382539248,0.358633148013307,0.00100017860332202,0.215853820185275,0.182095928220145,0.0432352941176471,0.279113924050633,0.703524148252589,0,3.31611328125,3.31611328125,0.139384920634921,"female"
0.204449795340686,0.0657614590647033,0.221689587426326,0.186733345240221,0.247044115020539,0.0603107697803179,2.0692074953813,7.95334433918985,0.932341702332969,0.510848675667884,0.221689587426326,0.204449795340686,0.182167755667977,0.043108504398827,0.279113924050633,0.48782958984375,0,3.3591796875,3.3591796875,0.0808678500986194,"female"
0.173258953316388,0.0908766025134249,0.209237363814967,0.0928665833184497,0.241443114841936,0.148576531523486,13.9493819299582,507.33593158859,0.942483287766878,0.460512003007402,0,0.173258953316388,0.178826529941928,0.043448275862069,0.279113924050633,0.653073440231643,0,3.466845703125,3.466845703125,0.0828576457867076,"female"
0.225449591710601,0.0432225446183165,0.234541882479014,0.210837649580282,0.253645293802465,0.0428076442221825,2.21808700886013,7.91274959024151,0.884908972440196,0.230878089759114,0.217488837292374,0.225449591710601,0.192752906752153,0.044954128440367,0.279113924050633,0.528478285845588,0,3.4453125,3.4453125,0.0668447955390335,"female"
0.235710742814837,0.0413046004262639,0.2445936774424,0.22549026611895,0.257395963564922,0.0319056974459725,2.63262555569571,10.6965787232341,0.866863445796039,0.18003546563212,0.245993927487051,0.235710742814837,0.189297862817861,0.0431929480901077,0.279113924050633,0.626065685679612,0,3.273046875,3.273046875,0.150481502669718,"female"
0.224465157994605,0.0508175758815073,0.230141096624397,0.20868726558314,0.260196463654224,0.0515091980710841,1.89444124810578,6.15534212679986,0.89708313490291,0.30272460925388,0.255095552777282,0.224465157994605,0.176169433323334,0.0431929480901077,0.279113924050633,0.52892114186217,0,3.617578125,3.617578125,0.0752995642701525,"female"
0.18404073084464,0.0748523202827747,0.198185390248259,0.158678335417039,0.238542596892302,0.0798642614752634,19.1520420283405,735.736149848966,0.942033062044851,0.580401268827201,0.00100017860332202,0.18404073084464,0.160734389012045,0.0436633663366337,0.279113924050633,0.605629569237385,0,3.466845703125,3.466845703125,0.104202898550725,"female"
0.21269252615902,0.0422724949514653,0.218238971244865,0.19483479192713,0.245743882836221,0.0509090909090909,2.13654324487953,7.53699510069517,0.900228352235677,0.288451068464388,0.219889265940346,0.21269252615902,0.178761141159012,0.0432352941176471,0.279113924050633,0.560585431354802,0,2.4978515625,2.4978515625,0.125799269239552,"female"
0.198989713597381,0.0589108885509692,0.210387569208787,0.182032505804608,0.237742454009645,0.0557099482050366,2.22668960007466,9.85927368779798,0.936517887544372,0.519485675605607,0.210037506697625,0.198989713597381,0.171239172024938,0.0431929480901077,0.279113924050633,0.765363431973473,0,6.696826171875,6.696826171875,0.0620340597832559,"female"
0.193837840429506,0.0555212198925076,0.203336310055367,0.167829969637435,0.231941418110377,0.0641114484729416,2.61883080930986,16.8316208702424,0.931586050250923,0.490502185252132,0,0.193837840429506,0.132709135451608,0.043108504398827,0.279113924050633,0.49728421372319,0,3.682177734375,3.682177734375,0.0897569703295065,"female"
0.171495224132012,0.0740290306374818,0.194234684765137,0.146676192177175,0.222339703518485,0.075663511341311,3.54866819854619,42.7293561971187,0.954713042888432,0.600196103706326,0,0.171495224132012,0.158328588230739,0.0438369781312127,0.277358490566038,0.58831787109375,0,5.577099609375,5.577099609375,0.0449095712253607,"female"
0.222365663719955,0.0520844204729613,0.234891944990177,0.202736202893374,0.258846222539739,0.0561100196463654,1.98615460867024,7.23674913921538,0.907682180994996,0.319115033950097,0.259696374352563,0.222365663719955,0.186184032484414,0.0432777232580962,0.279113924050633,0.69180193116679,0,3.40224609375,3.40224609375,0.128210346371444,"female"
0.192058920132712,0.0532290139735485,0.204286479728523,0.171180567958564,0.225640292909448,0.0544597249508841,2.32064511575383,10.002800244661,0.930566735341172,0.452137462380874,0.222739774959814,0.192058920132712,0.156738636163425,0.0432352941176471,0.279113924050633,0.494468411532315,0,3.466845703125,3.466845703125,0.0996664366229584,"female"
0.158197197146132,0.0712026851420543,0.169580282193249,0.120271477049473,0.210537595999286,0.0902661189498125,34.7334985106718,1804.89267819388,0.960908284166336,0.587323700386069,0,0.158197197146132,0.153964807765382,0.0432777232580962,0.277358490566038,0.644007539371702,0,3.4453125,3.4453125,0.114071428571429,"female"
0.221337511444338,0.0463912040663306,0.229140918021075,0.202036077871048,0.254695481335953,0.0526594034649044,1.88836915053457,6.64203711116901,0.904533474806199,0.317013851392517,0.257395963564922,0.221337511444338,0.174170526604948,0.0434055118110236,0.279113924050633,0.550580639433651,0,2.97158203125,2.97158203125,0.102930453012487,"female"
0.18497289641088,0.0528603986822381,0.188983747097696,0.167879978567601,0.221439542775496,0.0535595642078943,2.46522588249729,12.2020398666501,0.924478093248684,0.447291750707465,0,0.18497289641088,0.167648234830886,0.0432352941176471,0.279113924050633,0.370976715087891,0,3.4453125,3.4453125,0.0498600746268657,"female"
0.19280679896647,0.0555894691875198,0.202186104661547,0.17508126451152,0.222639757099482,0.0475584925879622,3.15520331865765,20.4695254344295,0.924412737441141,0.423085940986939,0,0.19280679896647,0.137701428242135,0.0432352941176471,0.279113924050633,0.600238037109375,0,3.66064453125,3.66064453125,0.10631923857076,"female"
0.203216236937206,0.0551200704460513,0.213088051437757,0.190584032863011,0.235992141453831,0.0454081085908198,2.28623535436289,9.72030854649791,0.92378416577266,0.427300541333909,0.20573673870334,0.203216236937206,0.156177544418122,0.043108504398827,0.279113924050633,0.63987498017132,0,3.66064453125,3.66064453125,0.0857650146672842,"female"
0.19598050047642,0.0716105102468321,0.219039114127523,0.164729415967137,0.251294874084658,0.086565458117521,1.94938752858577,10.4341547498514,0.947924189071506,0.567485342430422,0,0.19598050047642,0.163757116996016,0.043108504398827,0.279113924050633,0.664378096417683,0,3.22998046875,3.22998046875,0.153739130434783,"female"
0.210682004843329,0.0484102006382659,0.218839078406858,0.196585104482943,0.240792998749777,0.0442078942668334,1.96911466520123,6.762621291048,0.902435585379776,0.288772561203851,0.214438292552241,0.210682004843329,0.156710818779762,0.043108504398827,0.279113924050633,0.500856032880765,0,3.31611328125,3.31611328125,0.0674387801253473,"female"
0.197675675207478,0.0427194088690545,0.196985175924272,0.176631541346669,0.222389712448652,0.0457581711019825,2.06090394095872,7.78523116526263,0.910909151657095,0.325962904843517,0.186083229148062,0.197675675207478,0.158826475461533,0.0431929480901077,0.279113924050633,0.481724831586826,0,1.9810546875,1.9810546875,0.0940437720329025,"female"
0.207544096304007,0.0647788706564912,0.234141811037685,0.16442936238614,0.252245043757814,0.0878156813716735,2.76157003128649,14.7964446496365,0.923462877283017,0.460824413743947,0,0.207544096304007,0.121931034258887,0.0433628318584071,0.279113924050633,0.909650667445866,0,3.466845703125,3.466845703125,0.212711878671582,"female"
0.187828937723417,0.073618064010567,0.205936774424004,0.169630291123415,0.23434184675835,0.0647115556349348,4.13318892484131,44.4927251665861,0.930347705019987,0.482148123605185,0.00105018753348812,0.187828937723417,0.14907372745751,0.0433628318584071,0.279113924050633,0.820787960457402,0,3.66064453125,3.66064453125,0.12076435364565,"female"
0.20546424582608,0.0627333965534066,0.216838721200214,0.178481871762815,0.252895159849973,0.0744132880871584,3.63855782607593,41.7168562621669,0.926007757001439,0.435308567328103,0.000950169673155921,0.20546424582608,0.131199484550867,0.0432777232580962,0.279113924050633,0.690983924278846,0,3.768310546875,3.768310546875,0.113146924250127,"female"
0.212250921000384,0.0510943510183096,0.220639399892838,0.186133238078228,0.249744597249509,0.0636113591712806,1.53303496044468,4.85092528757968,0.922635402805501,0.397859140654234,0.247694231112699,0.212250921000384,0.14488545241182,0.043108504398827,0.279113924050633,0.445844970703125,0,3.1869140625,3.1869140625,0.0750693000693001,"female"
0.209624642078339,0.0640575858802537,0.217838899803536,0.186433291659225,0.26319699946419,0.0767637078049652,2.66979320091398,14.0324967581172,0.922967658063708,0.465399012870993,0.00100017860332202,0.209624642078339,0.162344323886424,0.043108504398827,0.279113924050633,0.706911556277655,0,3.596044921875,3.596044921875,0.114219019587943,"female"
0.21161594335242,0.0489993367520837,0.211387747812109,0.187583497053045,0.250494731202,0.0629112341489552,3.35285202250887,38.2203313693041,0.917291423326872,0.381595106784149,0.231741382389712,0.21161594335242,0.140335275876579,0.0431506849315069,0.279113924050633,0.47767822265625,0,2.239453125,2.239453125,0.0746807540285801,"female"
0.177573447660612,0.0726298257385668,0.180882300410788,0.134524022146812,0.244893731023397,0.110369708876585,1.85250391756476,8.10528825356644,0.964048341051803,0.700832653233908,0.27614931237721,0.177573447660612,0.158117674728135,0.0469208211143695,0.27906976744186,0.559449404761905,0,3.9609375,3.9609375,0.0938856015779093,"female"
0.218194343740405,0.068384489654597,0.241043043400607,0.208587247722808,0.263797106626183,0.0552098589033756,3.34600147105088,19.8110148303243,0.911778891134766,0.439501943425998,0.00100017860332202,0.218194343740405,0.155169781559735,0.0469208211143695,0.27906976744186,0.682433035714286,0,3.328125,3.328125,0.0998578220109299,"female"
0.20532336862336,0.0512089700109545,0.215938560457225,0.191034113234506,0.230241114484729,0.0392070012502232,2.65989601138642,11.5441835184457,0.903051125224364,0.353804675781871,0.00100017860332202,0.20532336862336,0.155956386141997,0.0471976401179941,0.27906976744186,0.598691239316239,0,3,3,0.0921626984126984,"female"
0.222428314019158,0.0657350815635698,0.246243972137882,0.210537595999286,0.264197178067512,0.0536595820682265,3.96608187849703,42.7284793288371,0.900099736279569,0.346974424057565,0.00100017860332202,0.222428314019158,0.165831802213235,0.0469208211143695,0.27906976744186,0.807260479041916,0,3.3515625,3.3515625,0.136839904281765,"female"
0.197425445488986,0.0500342680043513,0.203836399357028,0.175431327022683,0.232891587783533,0.0574602607608501,2.26095860056,16.6584816012121,0.924884613577081,0.421008615178771,0.00100017860332202,0.197425445488986,0.153939477166815,0.0469667318982388,0.27906976744186,0.676547181372549,0,3.796875,3.796875,0.112457912457912,"female"
0.211828670908439,0.0476737971014752,0.219089123057689,0.186683336310055,0.244893731023397,0.0582103947133417,1.61913695025037,5.66880816444874,0.920627027579664,0.357693332963898,0.234791927129845,0.211828670908439,0.167327811715685,0.047244094488189,0.27906976744186,0.452103577738516,0,3.1875,3.1875,0.0596988795518207,"female"
0.202666973366876,0.0487805243889433,0.199135559921415,0.180382211109127,0.239542775495624,0.0591605643864976,2.26136691532643,9.29537523113955,0.919212547016559,0.364561885621728,0.189533845329523,0.202666973366876,0.15435032153338,0.0469667318982388,0.27906976744186,0.725701800847458,0,3.3984375,3.3984375,0.11506818937798,"female"
0.202929375606428,0.072520513086376,0.218639042686194,0.177581711019825,0.2593463118414,0.0817646008215753,3.82393464539736,31.9414730404463,0.931009129247137,0.486436568780644,0.00100017860332202,0.202929375606428,0.139167111169494,0.0469208211143695,0.27906976744186,0.644894366197183,0,3.421875,3.421875,0.0639688324745507,"female"
0.199192059067832,0.0530847054115094,0.199935702804072,0.168980175031256,0.236842293266655,0.0678621182353992,1.44691686892925,4.9141192816531,0.93194513008262,0.415020874650854,0.00100017860332202,0.199192059067832,0.142343444471298,0.0431506849315069,0.279113924050633,0.542952695100204,0,3.509912109375,3.509912109375,0.0723177343415609,"female"
0.203544122066669,0.0421219553113841,0.207637078049652,0.176831577067333,0.229390962671906,0.0525593856045722,1.91661933659158,6.9790356299147,0.907982655700861,0.289823376596589,0.170480442936239,0.203544122066669,0.151987344020051,0.047244094488189,0.27906976744186,0.65599593495935,0,3.5859375,3.5859375,0.114090460495689,"female"
0.2068136534389,0.0653731834971516,0.233591712805858,0.189883907840686,0.245193784604394,0.0553098767637078,5.33025284480384,46.708016603783,0.919798256149369,0.513855717182776,0.236542239685658,0.2068136534389,0.15860186137644,0.0432352941176471,0.279113924050633,0.831734063113547,0,3.337646484375,3.337646484375,0.144079859506424,"female"
0.222492100954896,0.0420866712487546,0.22754063225576,0.203636363636364,0.251294874084658,0.0476585104482943,1.70087502881915,5.40500272002935,0.901226655066637,0.281417238179379,0.216338631898553,0.222492100954896,0.194208339721114,0.0432777232580962,0.279113924050633,0.518706547448395,0,2.002587890625,2.002587890625,0.0729449761707826,"female"
0.217668535187531,0.0458458324215933,0.224290051794963,0.196635113413109,0.251344883014824,0.0547097696017146,1.78228311684178,6.22325712635068,0.91152572855345,0.343486841820085,0.252945168780139,0.217668535187531,0.170148289236103,0.0433202357563851,0.279113924050633,0.713410073138298,0,3.40224609375,3.40224609375,0.120100917830267,"female"
0.198502078765414,0.0487319708087981,0.19803536345776,0.166979817824612,0.240042864797285,0.0730630469726737,2.2703709141032,10.1682230472278,0.923124382071187,0.392344297902742,0.19598499732095,0.198502078765414,0.146645630483787,0.0432777232580962,0.277358490566038,0.457285591020976,0,4.00517578125,4.00517578125,0.0563010752688172,"female"
0.201672086274247,0.0651558267142541,0.217388819432041,0.185383104125737,0.243643507769245,0.0582604036435078,2.65039964210028,22.6917938807991,0.925929098782009,0.4113724109575,0.0250544740132166,0.201672086274247,0.160483258660702,0.0432352941176471,0.279113924050633,0.462118893393987,0,2.390185546875,2.390185546875,0.0528449502133713,"female"
0.197689318447775,0.0564356070973408,0.200435792105733,0.17893195213431,0.238742632612967,0.0598106804786569,3.06579176095364,29.9991804034485,0.929158114431533,0.451554624361562,0,0.197689318447775,0.161861086783588,0.0437066402378593,0.279113924050633,0.507743876689189,0,2.906982421875,2.906982421875,0.074496644295302,"female"
0.190984673648548,0.071313681354882,0.215138417574567,0.136624397213788,0.249544561528844,0.112920164315056,1.77942117877677,6.5298135882041,0.957093460337172,0.66210404847154,0.248644400785855,0.190984673648548,0.18131034348751,0.0475247524752475,0.27906976744186,1.27866908482143,0,3.0703125,3.0703125,0.178236589989241,"female"
0.204273717389186,0.0588897817098431,0.219439185568852,0.161078764065012,0.25139489194499,0.0903161278799786,2.25618056217897,10.2763995422326,0.928840311005698,0.417387177106715,0.00100017860332202,0.204273717389186,0.139982479542099,0.043108504398827,0.279113924050633,0.461109619140625,0,3.31611328125,3.31611328125,0.0689371051908816,"female"
0.201994798073299,0.0615485996775802,0.205286658331845,0.183582782639757,0.241543132702268,0.0579603500625112,2.97846049156671,20.712795888655,0.918041635429255,0.441258651785878,0.00100017860332202,0.201994798073299,0.15831605184003,0.043108504398827,0.279113924050633,0.488021850585938,0,2.260986328125,2.260986328125,0.0900062656641604,"female"
0.206765943888856,0.0566239634316642,0.216388640828719,0.184632970173245,0.248344347204858,0.0637113770316128,1.64498742026149,5.54400802927347,0.929845021470371,0.454051099046772,0.193484550812645,0.206765943888856,0.14871640234979,0.043108504398827,0.279113924050633,0.541780149343923,0,3.380712890625,3.380712890625,0.113952722978336,"female"
0.215377036730484,0.0604763139618941,0.231591355599214,0.204236470798357,0.251744954456153,0.047508483657796,2.0717602839377,7.55909983440956,0.907595990140513,0.344770458943537,0.256495802821933,0.215377036730484,0.175251945445685,0.043108504398827,0.279113924050633,0.522707950367647,0,3.682177734375,3.682177734375,0.0863999429467979,"female"
0.208795354116212,0.0642681260028501,0.228740846579746,0.192734416860154,0.254895517056617,0.0621611001964636,1.8977721918396,6.50817653473275,0.926980068587016,0.498290708884998,0.252645115199143,0.208795354116212,0.180631184145316,0.0472906403940887,0.27906976744186,0.512560923165138,0,2.484375,2.484375,0.0868977834768273,"female"
0.202505979851844,0.0728808609537536,0.228340775138418,0.173430969816039,0.258096088587248,0.0846651187712091,9.74573010478292,265.835472874789,0.933482984237573,0.560062713731822,0.00100017860332202,0.202505979851844,0.181090589195717,0.0470588235294118,0.27906976744186,0.708533653846154,0,3.3515625,3.3515625,0.109831345125463,"female"
0.208725327329457,0.0454982267877184,0.210137524557957,0.184082871941418,0.240042864797285,0.0559599928558671,1.47045597431931,4.65209149125193,0.913146418229526,0.324809372515146,0.177481693159493,0.208725327329457,0.144807865686022,0.0469208211143695,0.277456647398844,0.8466796875,0,3.4453125,3.4453125,0.158167800453515,"female"
0.213434606623369,0.0626211065514645,0.226790498303268,0.202036077871048,0.254495445615288,0.05245936774424,1.91491998013243,6.46291968290253,0.914277334287332,0.410913834095204,0.00100017860332202,0.213434606623369,0.183298150611742,0.0222952477249747,0.279113924050633,0.591658401489258,0,2.7885498046875,2.7885498046875,0.10869707479877,"female"
0.198216272496621,0.0453888305717988,0.198435434899089,0.174781210930523,0.229140918021075,0.0543597070905519,1.82402875860257,6.47401540413224,0.918800110999026,0.351194102491093,0.195884979460618,0.198216272496621,0.169785311560134,0.0476190476190476,0.27906976744186,0.727368551587302,0,3.609375,3.609375,0.144901745484836,"female"
0.214743424942539,0.0406177264846329,0.219189140918021,0.196935166994106,0.243293445258082,0.0463582782639757,1.94662340170583,6.84980562881231,0.902587902246846,0.281104669875016,0.222689766029648,0.214743424942539,0.1724528642711,0.0473372781065089,0.27906976744186,0.536141939252336,0,3.1640625,3.1640625,0.100536578981809,"female"
0.206686450677636,0.065661665746737,0.224540096445794,0.192434363279157,0.251794963386319,0.059360600107162,16.5156696851056,592.806233912023,0.911376008942179,0.413605490385777,0.00100017860332202,0.206686450677636,0.169176968143168,0.0469667318982388,0.27906976744186,0.658870806709265,0,3.4921875,3.4921875,0.106581188019633,"female"
0.214921460311805,0.0591529316968189,0.232091444900875,0.202836220753706,0.249644579389177,0.0468083586354706,2.66105181811769,13.6979203956299,0.911547877490546,0.409526226965974,0.00100017860332202,0.214921460311805,0.180524045909287,0.0474777448071217,0.27906976744186,1.12507536173633,0,3.5390625,3.5390625,0.217074051776039,"female"
0.188876661184315,0.047027751804469,0.193434541882479,0.166079657081622,0.218489015895696,0.052409358814074,1.94827438896433,7.07728495799505,0.924570184136474,0.451136626122061,0.198435434899089,0.188876661184315,0.163092526511593,0.0471976401179941,0.27906976744186,0.583399681528662,0,2.296875,2.296875,0.13265306122449,"female"
0.210443706268977,0.0624134368678098,0.226190391141275,0.166679764243615,0.266747633505983,0.100067869262368,3.4736312502071,19.7797005683847,0.92562775528597,0.47196612445315,0.279599928558671,0.210443706268977,0.149744484861894,0.0469667318982388,0.27906976744186,0.75,0,3.2578125,3.2578125,0.121160636066792,"female"
0.198633461269119,0.0551921492210531,0.204536524379353,0.175881407394178,0.234141811037685,0.0582604036435078,1.84190875318431,7.3487935261779,0.936066784157489,0.467840462394997,0.190383997142347,0.198633461269119,0.160171646412567,0.0476190476190476,0.27906976744186,0.717115384615385,0,4.0078125,4.0078125,0.106604623865518,"female"
0.204771609562465,0.0553443167512107,0.206486872655831,0.177731737810323,0.24729415967137,0.0695624218610466,1.66946308536129,7.42542006465378,0.927319005080417,0.408667069827303,0.00100017860332202,0.204771609562465,0.140594957856672,0.0469667318982388,0.27906976744186,0.713773001269036,0,3.375,3.375,0.115378855944894,"female"
0.194296143093884,0.0593367788593443,0.199085550991248,0.162178960528666,0.244643686372567,0.0824647258439007,3.14194068773784,35.7449441220372,0.939656396713986,0.523614869335795,0.00100017860332202,0.194296143093884,0.139634301142033,0.0469667318982388,0.27906976744186,0.70890625,0,3.6796875,3.6796875,0.109554140127389,"female"
0.196342611299203,0.0480341807110771,0.201335952848723,0.176631541346669,0.22869083764958,0.0520592963029112,2.02397064845986,7.54831896210452,0.927007492028898,0.436298024525055,0.194884800857296,0.196342611299203,0.184781017060698,0.0365066225165563,0.275625,0.498330901389898,0.172265625,3.251513671875,3.079248046875,0.0882211538461538,"female"
0.194047663325136,0.0674987580770195,0.204336488658689,0.169230219682086,0.243493480978746,0.0742632612966601,1.75532896376264,6.54041342758065,0.944393770279022,0.541152393507808,0.279899982139668,0.194047663325136,0.141409622009831,0.0469208211143695,0.27906976744186,0.685397485835694,0,3.4453125,3.4453125,0.0942456009759527,"female"
0.21147561952922,0.0544526496198374,0.223539917842472,0.200485801035899,0.241793177353099,0.0413073763171995,2.66614312138998,17.5168704449912,0.908552626375017,0.348656565335513,0,0.21147561952922,0.181109683427151,0.04375,0.279113924050633,0.461538875804228,0,2.820849609375,2.820849609375,0.0696689889662989,"female"
0.172516831206507,0.0636436286937425,0.177081621718164,0.140925165208073,0.218188962314699,0.0772637971066262,1.34681069120212,4.86245551205976,0.955853701739565,0.596741675723844,0.01090194677621,0.172516831206507,0.144087016503283,0.0432352941176471,0.279113924050633,0.700733612804878,0,5.275634765625,5.275634765625,0.11609977324263,"female"
0.177734010391849,0.053528280263756,0.172080728701554,0.155527772816574,0.20573673870334,0.0502089658867655,2.89173469556351,13.7737731017215,0.924597490659351,0.514311284477634,0.155977853188069,0.177734010391849,0.133642508712,0.043108504398827,0.279113924050633,0.454390996774464,0,3.380712890625,3.380712890625,0.0445859872611465,"female"
0.198193082086898,0.0806353477976168,0.223289873191641,0.173330951955706,0.259396320771566,0.08606536881586,5.36820995661323,75.2444501877491,0.930311748027525,0.461707299150329,0.000950169673155921,0.198193082086898,0.172467440630632,0.0436633663366337,0.279113924050633,0.698812255859375,0,3.3591796875,3.3591796875,0.0974041438437723,"female"
0.190721588480196,0.0591369289894958,0.196285050901947,0.174831219860689,0.23139131987855,0.0565601000178603,2.48954647854448,11.2513008203806,0.936850404915255,0.525600489258778,0.188233613145205,0.190721588480196,0.175796162383759,0.0469667318982388,0.27906976744186,0.649658203125,0,4.3359375,4.3359375,0.064004914004914,"female"
0.208776365612539,0.0483437112624704,0.215338453295231,0.19573495267012,0.235292016431506,0.039557063761386,2.39502559841703,10.4425604100118,0.902373457932357,0.325965164129541,0.00100017860332202,0.208776365612539,0.174257236143492,0.0469208211143695,0.27906976744186,0.914370078740158,0,3.6328125,3.6328125,0.187096774193548,"female"
0.195040751199018,0.0867398977353938,0.237342382568316,0.135674227540632,0.261196642257546,0.125522414716914,2.87470392319006,12.3402566681437,0.940890232344156,0.617106199505184,0.265947490623326,0.195040751199018,0.126743248688495,0.0431506849315069,0.279113924050633,0.47975246623411,0,2.863916015625,2.863916015625,0.0666997682886462,"female"
0.178390413309754,0.0619444164245232,0.193734595463476,0.154227540632256,0.217288801571709,0.0630612609394535,5.01751317919436,69.7416311946024,0.946809163350156,0.571950540803058,0,0.178390413309754,0.172668695493787,0.0432777232580962,0.279113924050633,0.437346780711207,0,2.928515625,2.928515625,0.0985720375106565,"female"
0.219574185051864,0.0486455977988559,0.220589390962672,0.196435077692445,0.259696374352563,0.0632612966601179,2.06124478274658,8.0843428562109,0.899710259720401,0.29147399972049,0.198885515270584,0.219574185051864,0.173533171903359,0.0431929480901077,0.279113924050633,0.385526107594937,0,1.2919921875,1.2919921875,0.14956369982548,"female"
0.220970548238372,0.0446381887453389,0.227190569744597,0.208287194141811,0.24614395427755,0.0378567601357385,2.20987521323093,8.11510099772369,0.89504163145768,0.303932942003745,0.228090730487587,0.220970548238372,0.175950762126453,0.0431929480901077,0.279113924050633,0.953761846368963,0,3.3591796875,3.3591796875,0.193096646942801,"female"
0.18142102280952,0.0705353090965948,0.172880871584211,0.150226826218968,0.249544561528844,0.0993177353098768,4.80902545737266,60.7217335825153,0.926559219678264,0.482675698214713,0,0.18142102280952,0.141149820151255,0.043108504398827,0.279113924050633,0.640736547009698,0,3.208447265625,3.208447265625,0.13255033557047,"female"
0.201634917320866,0.0717703031559224,0.222689766029648,0.163629219503483,0.26024647258439,0.0966172530809073,6.88953083752422,146.154825864316,0.939474153181442,0.560259002027059,0.00100017860332202,0.201634917320866,0.149622636250938,0.043448275862069,0.279113924050633,0.550833228326613,0,3.466845703125,3.466845703125,0.0848766311470739,"female"
0.214381900050786,0.0627177169496624,0.240092873727451,0.176431505626005,0.261046615467048,0.084615109841043,2.35040534570481,9.93761672096384,0.918827683824253,0.438954029590742,0.00100017860332202,0.214381900050786,0.137929877217257,0.043491124260355,0.277358490566038,0.563536592371324,0,3.4453125,3.4453125,0.0575636942675159,"female"
0.182244911614067,0.0577388687964811,0.184382925522415,0.168530094659761,0.208637256652974,0.0401071619932131,2.83384074330558,13.0737725766601,0.916422449372978,0.402512790386388,0.181432398642615,0.182244911614067,0.140444767491215,0.043108504398827,0.279113924050633,0.681087239583333,0,3.05771484375,3.05771484375,0.120840427178455,"female"
0.216055731185605,0.0495025932404964,0.225290230398285,0.201736024290052,0.247994284693695,0.0462582604036435,2.0894444579965,7.65007236848374,0.906134506611418,0.356090324675584,0.216038578317557,0.216055731185605,0.186759424986475,0.0469208211143695,0.27906976744186,0.504934210526316,0,2.6015625,2.6015625,0.102413450239537,"female"
0.21385470243168,0.0600588994573708,0.228940882300411,0.200935881407394,0.250144668690838,0.0492087872834435,2.39472140055556,10.1690042315044,0.914526166230229,0.417820843802447,0.24614395427755,0.21385470243168,0.185554227592772,0.0432777232580962,0.279113924050633,0.679590243980533,0,6.395361328125,6.395361328125,0.0595959595959596,"female"
0.199614267979285,0.0471336278838751,0.202236113591713,0.180332202178961,0.229090909090909,0.0487587069119486,1.99986933848052,7.81975395125271,0.923028489534957,0.433326934183956,0.197185211644937,0.199614267979285,0.164592463461868,0.0432352941176471,0.279113924050633,0.684174594996166,0,3.617578125,3.617578125,0.116764514024788,"female"
0.21721842949259,0.059053344465594,0.231541346669048,0.213038042507591,0.254195392034292,0.0411573495267012,2.24937693090975,8.22806382310853,0.909740318042942,0.443956487994005,0.227640650116092,0.21721842949259,0.195588846760899,0.0432777232580962,0.279113924050633,0.780959585336538,0,4.155908203125,4.155908203125,0.134000357334286,"female"
0.220754193253183,0.0536280289128707,0.23344168601536,0.205486694052509,0.257595999285587,0.0521093052330774,1.9374221294117,6.47938969609174,0.915971857048891,0.42887228771029,0.275199142704054,0.220754193253183,0.169030877534633,0.0431929480901077,0.279113924050633,0.782394095949413,0,17.463427734375,17.463427734375,0.0359344724326229,"female"
0.196465814981922,0.046798501603462,0.201385961778889,0.183482764779425,0.221589569565994,0.038106804786569,2.50106596349735,10.5230356852303,0.910758492765301,0.401470378303829,0.204686551169852,0.196465814981922,0.184864187456697,0.0435770750988142,0.279113924050633,0.780282444629854,0,8.247216796875,8.247216796875,0.0663332179894513,"female"
0.19871732976643,0.0502317475329791,0.204086444007859,0.173230934095374,0.235292016431506,0.0620610823361314,1.51807258371049,4.99970366495766,0.932082234887556,0.461863440064107,0.192684407929988,0.19871732976643,0.165126925989043,0.0437066402378593,0.279113924050633,0.77049399321934,0,5.5125,5.5125,0.0928193933823529,"female"
0.191056051755285,0.0697339402573438,0.209137345954635,0.148826576174317,0.248094302554028,0.0992677263797107,2.97803242703695,33.9983019527768,0.956622553107045,0.66919342585169,0.00100017860332202,0.191056051755285,0.155451552945008,0.0433202357563851,0.279113924050633,0.599253286966463,0,6.438427734375,6.438427734375,0.0531832298136646,"female"
0.205925292479828,0.0570827209103978,0.221039471334167,0.176731559207001,0.247094123950705,0.0703625647437042,1.57218000134105,5.41303709529908,0.936784011142724,0.500777374853067,0.238692623682801,0.205925292479828,0.162532082070144,0.0431506849315069,0.279113924050633,0.729215590533088,0,3.7037109375,3.7037109375,0.134562951082598,"female"
0.194899677880664,0.0517762694422847,0.200185747454903,0.173881050187533,0.228890873370245,0.0550098231827112,1.87545289560715,6.90689864843221,0.93228379644546,0.495416996429433,0.178481871762815,0.194899677880664,0.169575336509291,0.0432352941176471,0.279113924050633,0.72573720618696,0,3.466845703125,3.466845703125,0.128399720178916,"female"
0.241500949614977,0.054187154674981,0.2593463118414,0.241993213073763,0.269848187176282,0.0278549741025183,3.2780955852078,14.4488065580036,0.854358672822924,0.265182547265744,0.277599571352027,0.241500949614977,0.179942996420268,0.0432352941176471,0.279113924050633,0.76990757327108,0,3.22998046875,3.22998046875,0.129594594594595,"female"
0.207342839652672,0.0576197412383675,0.219089123057689,0.182832648687266,0.249444543668512,0.0666118949812466,1.51925490832783,4.8529811274137,0.933879257275613,0.489924550524211,0.246293981068048,0.207342839652672,0.177656160811328,0.0437934458788481,0.279113924050633,0.686019764775815,0,3.466845703125,3.466845703125,0.0950966397901316,"female"
0.219002798329819,0.0536762109274824,0.231191284157885,0.201786033220218,0.256745847472763,0.0549598142525451,1.94002719574067,6.63874134382073,0.915296905959993,0.380296050470141,0.248294338274692,0.219002798329819,0.171949780670983,0.0431506849315069,0.279113924050633,0.697641236004345,0,3.596044921875,3.596044921875,0.11862328754953,"female"
0.197593306268116,0.0588210490606988,0.211137703161279,0.174481157349527,0.240442936238614,0.0659617788890873,1.69087928053723,5.80650896495823,0.943580099545633,0.554131682357503,0.219439185568852,0.197593306268116,0.199626117206101,0.0432352941176471,0.279113924050633,0.940046810675524,0,6.567626953125,6.567626953125,0.0939134380849736,"female"
0.199201546082031,0.0629705458415326,0.213588140739418,0.17008037149491,0.249594570459011,0.0795141989641008,1.66634972957877,5.9825370948806,0.948227838807357,0.579648929959219,0.265297374531166,0.199201546082031,0.18541104018005,0.043448275862069,0.279113924050633,0.717866654829545,0,3.22998046875,3.22998046875,0.18910941475827,"female"
0.200861599939953,0.0557034244410272,0.208287194141811,0.178331844972316,0.24139310591177,0.0630612609394535,1.44326093418971,4.58605254824709,0.934719085152758,0.440074146145081,0.187483479192713,0.200861599939953,0.155522387475629,0.043108504398827,0.279113924050633,1.40833497293458,0,3.3591796875,3.3591796875,0.230085903943772,"female"
0.213269902008351,0.0483740549386407,0.218589033756028,0.186633327379889,0.251044829433827,0.0644115020539382,1.42343754339482,4.31135294388439,0.918930345989782,0.357905673658607,0.260296481514556,0.213269902008351,0.151494233931504,0.043448275862069,0.279113924050633,0.608299290314885,0,3.273046875,3.273046875,0.151973684210526,"female"
0.209575542834798,0.0530105927063748,0.21753884622254,0.185283086265405,0.249644579389177,0.0643614931237721,1.43884789491493,4.52879314148719,0.932074170781432,0.41194776863625,0.213788176460082,0.209575542834798,0.168266388244883,0.0432777232580962,0.279113924050633,0.679939221833882,0,5.7708984375,5.7708984375,0.0867143157452176,"female"
0.193421810968484,0.0624542067565654,0.203736381496696,0.176031434184676,0.236542239685658,0.0605108055009823,1.89525189882635,7.20907108790301,0.940400429566318,0.551757765813305,0.203786390426862,0.193421810968484,0.167311285062896,0.0432352941176471,0.277358490566038,0.580242919921875,0,3.22998046875,3.22998046875,0.0899771689497717,"female"
0.192668859948583,0.0587442945916013,0.205186640471513,0.146026076085015,0.239942846936953,0.0939167708519379,1.52437480074706,5.90605793282744,0.947186718001237,0.545884393885033,0.238142525450973,0.192668859948583,0.136772546994734,0.043108504398827,0.279113924050633,0.677041253810976,0,5.5125,5.5125,0.0836704799107143,"female"
0.189638027314225,0.0449205899031912,0.194634756206465,0.167779960707269,0.216188605108055,0.0484086444007858,2.00625720247258,7.33009135034711,0.919389942792632,0.388944712034051,0.207437042328987,0.189638027314225,0.161454187860627,0.0431929480901077,0.279113924050633,0.67692673523302,0,3.66064453125,3.66064453125,0.155018443020773,"female"
0.198136280364097,0.0475039291166401,0.19688515806394,0.175581353813181,0.230691194856224,0.0551098410430434,1.91826987657787,7.34035784225641,0.925162608639951,0.398632280850717,0.180532237899625,0.198136280364097,0.175694091557599,0.0432352941176471,0.279113924050633,0.491536771334135,0,6.4599609375,6.4599609375,0.0421400778210117,"female"
0.182448322221549,0.0754438429434413,0.200835863547062,0.154727629933917,0.237392391498482,0.0826647615645651,1.78549206870792,6.28971871254926,0.957795351825617,0.651700290034076,0.279449901768173,0.182448322221549,0.157050099997178,0.0431929480901077,0.279113924050633,0.532828463040865,0,2.519384765625,2.519384765625,0.148601971610821,"female"
0.222753336823307,0.0490094861155512,0.230341132345062,0.203236292195035,0.258596177888909,0.0553598856938739,1.79353580681003,5.80214970655619,0.908474133084027,0.333785549116973,0.220939453473835,0.222753336823307,0.185708611442896,0.043108504398827,0.279113924050633,0.777594236986074,0,3.617578125,3.617578125,0.140802781289507,"female"
0.207298220680823,0.0583906064464582,0.222439721378818,0.186733345240221,0.246043936417217,0.0593105911769959,1.78016667514363,6.39395240368324,0.930831763795173,0.446425860454237,0.232141453831041,0.207298220680823,0.154320397745503,0.043620178041543,0.279113924050633,0.560448422639266,0,3.596044921875,3.596044921875,0.129358426005133,"female"
0.228177907841285,0.043471686692726,0.239092695124129,0.213038042507591,0.255745668869441,0.0427076263618503,2.15350980984229,8.27036216663712,0.895407688315595,0.26693148684372,0.242743347026255,0.228177907841285,0.189502713474508,0.0432777232580962,0.279113924050633,0.739369603207237,0,3.725244140625,3.725244140625,0.138768604861936,"female"
0.196838669481011,0.0526046392592955,0.200635827826398,0.173130916235042,0.233791748526523,0.0606608322914806,1.63493713263183,5.70399274930038,0.935862486415938,0.505409857988299,0.185333095195571,0.196838669481011,0.174912701357097,0.043491124260355,0.279113924050633,0.910987759568404,0,3.639111328125,3.639111328125,0.145562130177515,"female"
0.196720803115327,0.0540030968518642,0.205186640471513,0.174031076978032,0.233591712805858,0.0595606358278264,1.62259675212114,5.55130173492224,0.937131293097057,0.50785979551123,0.214438292552241,0.196720803115327,0.175974584688425,0.0433628318584071,0.279113924050633,0.947396850585937,0,3.208447265625,3.208447265625,0.176377696755765,"female"
0.211330913760715,0.0513831930458915,0.219739239149848,0.189283800678693,0.250094659760672,0.0608108590819789,1.65738649398387,5.3638504081293,0.921215974884716,0.414429172754436,0.258246115377746,0.211330913760715,0.177336595619579,0.0432352941176471,0.279113924050633,0.764170828265344,0,3.639111328125,3.639111328125,0.181860844725566,"female"
0.212826933672164,0.0618329960916007,0.231891409180211,0.187883550634042,0.260996606536882,0.0731130559028398,2.20098963331876,8.12445596303225,0.933133700365977,0.531676559503709,0.25524557956778,0.212826933672164,0.180212927354475,0.043108504398827,0.279113924050633,0.752714901026393,0,11.025,11.025,0.0461516203703704,"female"
0.215091841933821,0.0512312513529175,0.228240757278085,0.184532952312913,0.253395249151634,0.0688622968387212,1.66990336204547,5.60025528167491,0.919051811761605,0.395427254427967,0.248994463297017,0.215091841933821,0.171059987612045,0.0431506849315069,0.279113924050633,1.04994734480574,0,3.3591796875,3.3591796875,0.200248756218905,"female"
0.217620268168337,0.0577017182420769,0.231091266297553,0.199535631362743,0.257345954634756,0.0578103232720129,1.93488834008379,6.68291940965973,0.916663944589315,0.386673464945102,0.268697981782461,0.217620268168337,0.1608695012112,0.0431506849315069,0.279113924050633,0.690408325195312,0,3.74677734375,3.74677734375,0.132198913598031,"female"
0.209572696597848,0.0497335397264763,0.218989105197357,0.180732273620289,0.244943739953563,0.0642114663332738,1.44532296084895,4.73398171448638,0.925024247483485,0.386582413561708,0.227890694766923,0.209572696597848,0.168788959054349,0.0436633663366337,0.279113924050633,0.670907054227941,0,3.509912109375,3.509912109375,0.15480807653433,"female"
0.197356479498635,0.0572861087202626,0.208187176281479,0.174431148419361,0.236192177174495,0.0617610287551348,1.57391040396131,5.251861947929,0.941080074224972,0.517697156076736,0.194784782996964,0.197356479498635,0.171885990001166,0.0435770750988142,0.279113924050633,0.583391386026907,0,3.466845703125,3.466845703125,0.0967410012721694,"female"
0.204062790258147,0.0521748619524168,0.208037149490981,0.172080728701554,0.246994106090373,0.0749133773888194,1.13768879174624,3.45455023736581,0.934339299889646,0.426659742296865,0.231041257367387,0.204062790258147,0.157401416142762,0.043108504398827,0.279113924050633,0.959265283791416,0,3.5314453125,3.5314453125,0.210554323725055,"female"
0.220110711881983,0.0489640673626433,0.227640650116092,0.199985711734238,0.253945347383461,0.0539596356492231,1.62024065997823,5.00036175658372,0.911040441643958,0.345823059185566,0.264297195927844,0.220110711881983,0.174507390385874,0.0435340572556762,0.279113924050633,0.622275025066845,0,3.48837890625,3.48837890625,0.147890946502058,"female"
0.196831501183586,0.0590209559901673,0.201235934988391,0.172080728701554,0.239842829076621,0.067762100375067,1.46275331941319,4.89343554599243,0.940321425487587,0.530039676085781,0.184432934452581,0.196831501183586,0.167658368162077,0.0432352941176471,0.279113924050633,0.888461294262771,0,6.6322265625,6.6322265625,0.0789648307896483,"female"
0.21712903063175,0.0485365018021711,0.226890516163601,0.197485265225933,0.248144311484194,0.0506590462582604,1.84930854681135,6.40590194263167,0.913225604567525,0.353684183540132,0.247744240042865,0.21712903063175,0.172117974885855,0.0448626653102747,0.279113924050633,0.594446910511364,0,15.783837890625,15.783837890625,0.0195130017776675,"female"
0.198973374105977,0.0725756390749028,0.222039649937489,0.170780496517235,0.255995713520272,0.0852152170030363,2.11336544328892,8.05650433256116,0.945725435987539,0.633282205661527,0.259846401143061,0.198973374105977,0.170484882318275,0.0431506849315069,0.279113924050633,1.41491088867188,0,3.962109375,3.962109375,0.156695412624266,"female"
0.195562725294712,0.0616677210881401,0.210337560278621,0.165679585640293,0.24139310591177,0.0757135202714771,1.64254148545417,5.73521419985774,0.948836022361314,0.569828420937573,0.237192355777817,0.195562725294712,0.187899384914281,0.043448275862069,0.279113924050633,0.825041852678571,0,5.534033203125,5.534033203125,0.0943375690457403,"female"
0.212577775419059,0.0549119867118577,0.224790141096624,0.193734595463476,0.249294516878014,0.0555599214145383,1.71112991075055,5.69203546459522,0.924434664145264,0.42508799263498,0.249444543668512,0.212577775419059,0.192144223185586,0.043108504398827,0.279113924050633,0.863460125309406,0,3.682177734375,3.682177734375,0.15577456256844,"female"
0.218449844947946,0.0457999722991924,0.22138953384533,0.187983568494374,0.25909626719057,0.0711126986961957,1.6297225584827,5.73870347164975,0.913284859271583,0.272416671270888,0.277499553491695,0.218449844947946,0.148601377772839,0.043448275862069,0.279113924050633,0.751553516784125,0,3.552978515625,3.552978515625,0.127332733273327,"female"
0.204322375401743,0.0546347339437719,0.216388640828719,0.174581175209859,0.24549383818539,0.0709126629755313,1.5160020199937,5.37117714904281,0.941850565316294,0.498762068128253,0.258996249330238,0.204322375401743,0.201207231480719,0.0434055118110236,0.279113924050633,0.881184287383178,0,3.5314453125,3.5314453125,0.139421759386133,"female"
0.212797587462438,0.050152712994967,0.220039292730845,0.194734774066798,0.248144311484194,0.053409537417396,1.72296872594114,5.50967196983638,0.917402234137745,0.398276457588734,0.254995534916949,0.212797587462438,0.19858648767417,0.0438369781312127,0.279113924050633,0.600425826671512,0,3.423779296875,3.423779296875,0.0988106948046142,"female"
0.185588912324093,0.0812456868260109,0.214438292552241,0.152577245936774,0.244043579210573,0.0914663332737989,1.60958092356547,5.1622366041474,0.948787738888375,0.614394079688542,0.216088587247723,0.185588912324093,0.207565244720646,0.0496621621621622,0.279113924050633,0.623656834893048,0,2.088720703125,2.088720703125,0.11561664757541,"female"
0.219393195058386,0.0545438151175442,0.233841757456689,0.198785497410252,0.257946061796749,0.0591605643864976,1.97611244622648,7.04437179743173,0.917725005231964,0.410147619165205,0.269748169315949,0.219393195058386,0.176575686769639,0.0432777232580962,0.279113924050633,0.640156581038136,0,3.10078125,3.10078125,0.110869374120956,"female"
0.196753898453886,0.055317848212975,0.201085908197892,0.176331487765672,0.236042150383997,0.0597106626183247,1.63529430821962,5.60213063060089,0.934438544104104,0.512219130378107,0.181482407572781,0.196753898453886,0.180891329476864,0.0433628318584071,0.279113924050633,0.616605160361842,0,12.252392578125,12.252392578125,0.03432771095337,"female"
0.208649131975883,0.0546681243043919,0.218138953384533,0.166179674941954,0.257445972495088,0.0912662975531345,1.6524704686845,6.26241124555576,0.931033401718965,0.399120079021763,0.263997142346848,0.208649131975883,0.138229231707643,0.0431506849315069,0.279113924050633,0.695604232594937,0,6.998291015625,6.998291015625,0.0682928835870012,"female"
0.223227281192412,0.0604599811530241,0.242693338096089,0.217288801571709,0.259496338631899,0.0422075370601893,2.65905590551385,11.0381271566422,0.896647915257199,0.374895706127025,0.255345597428112,0.223227281192412,0.195944229210207,0.0441,0.279113924050633,0.959607872596154,0,3.3591796875,3.3591796875,0.163027841245663,"female"
0.194866896804148,0.0754597732678531,0.21483836399357,0.185583139846401,0.247194141811038,0.0616110019646366,2.23885364146271,13.631612627616,0.926950300331989,0.425684852694768,0.0251544918735488,0.194866896804148,0.204067508684887,0.043108504398827,0.279113924050633,1.1789623053926,0,5.706298828125,5.706298828125,0.115000426876121,"female"
0.213568975099819,0.0421188519426645,0.219339167708519,0.196235041971781,0.241593141632434,0.0453580996606537,1.81967056067976,5.82468442992749,0.902665663079669,0.30433613213163,0.120471512770138,0.213568975099819,0.196935604662379,0.0451381780962129,0.279113924050633,0.649293043510766,0,5.146435546875,5.146435546875,0.0608049125553114,"female"
0.203921056114712,0.0584104202431041,0.21843900696553,0.176331487765672,0.245093766744061,0.068762278978389,1.75267759871595,6.44211796160772,0.930914728033496,0.456041785415925,0.248244329344526,0.203921056114712,0.183540623339547,0.0433202357563851,0.279113924050633,1.27497193113772,0,20.133544921875,20.133544921875,0.0401178653279494,"female"
0.178418608292107,0.0797924142454342,0.201786033220218,0.129123057688873,0.241943204143597,0.112820146454724,1.52652888066251,5.42276487908725,0.967391644645433,0.743849115841611,0.278699767815681,0.178418608292107,0.170707917911752,0.0432352941176471,0.279113924050633,1.15020862926136,0,5.663232421875,5.663232421875,0.121044615564857,"female"
0.212390952359157,0.0508393436604266,0.220289337381675,0.191384175745669,0.251694945525987,0.0603107697803179,1.66376400380604,5.51690843105133,0.923480614426891,0.428433308271321,0.222589748169316,0.212390952359157,0.1544189706056,0.0431929480901077,0.279113924050633,0.708292686747995,0,3.66064453125,3.66064453125,0.122455242966752,"female"
0.187436090319791,0.062697238678928,0.199985711734238,0.163179139131988,0.231891409180211,0.0687122700482229,1.89800443501195,10.4678177494269,0.951700420879677,0.592620016124228,0.00100017860332202,0.187436090319791,0.178884679044339,0.0435340572556762,0.279113924050633,0.62152001953125,0,6.029296875,6.029296875,0.0696149553571429,"female"
0.20023782052675,0.0473083694510664,0.207086979817825,0.184883014824076,0.229140918021075,0.0442579031969995,2.00814932457325,6.85073207890168,0.917675587403709,0.405164229493036,0.195534916949455,0.20023782052675,0.176907157149388,0.0434055118110236,0.279113924050633,0.862248347355769,0,5.964697265625,5.964697265625,0.0893758043025202,"female"
0.19691396909277,0.0496060732965619,0.19868547954992,0.169780317913913,0.233291659224862,0.0635113413109484,1.44151937333722,4.92923279860277,0.932385099273152,0.407556607918367,0.120071441328809,0.19691396909277,0.151879299414853,0.0432777232580962,0.279113924050633,0.442764853881484,0,3.1869140625,3.1869140625,0.0834503334503335,"female"
0.188093215987647,0.0689539539671816,0.198485443829255,0.162579031969995,0.239192712984462,0.0766136810144669,14.9800292753945,523.606280003067,0.944335071842722,0.584442299478155,0.00100017860332202,0.188093215987647,0.171947044465707,0.0435340572556762,0.279113924050633,1.15645566529866,0,3.57451171875,3.57451171875,0.190116019634092,"female"
0.196188941588823,0.0746056509104085,0.223039828540811,0.181982496874442,0.244393641721736,0.0624111448472942,5.8920567284152,126.170438562733,0.933358365153597,0.438451265043139,0,0.196188941588823,0.182217405233126,0.0431506849315069,0.279113924050633,0.755369915140086,0,3.380712890625,3.380712890625,0.133347912850934,"female"
0.207473245130395,0.0685793093994424,0.229090909090909,0.174781210930523,0.259546347562065,0.0847651366315414,2.09811778436791,8.00889562340444,0.934003089958182,0.515233622193494,0.00100017860332202,0.207473245130395,0.147624978328322,0.0433202357563851,0.279113924050633,0.907328040081522,0,3.466845703125,3.466845703125,0.184003822264692,"female"
0.195202164466935,0.0653805324163498,0.207737095909984,0.181482407572781,0.237592427219146,0.0561100196463654,1.64511379203829,5.54597045726269,0.935582228235681,0.5106702331264,0.00100017860332202,0.195202164466935,0.192117550484756,0.0432777232580962,0.279113924050633,1.20057515337423,0,3.617578125,3.617578125,0.221610097939885,"female"
0.209615107802979,0.0562157655314123,0.217738881943204,0.179382032505805,0.254995534916949,0.0756135024111449,1.77363640073445,6.60423751895035,0.923418557794308,0.40347303538863,0.00100017860332202,0.209615107802979,0.171836663013443,0.0437066402378593,0.279113924050633,0.788317108154297,0,3.596044921875,3.596044921875,0.146936895439889,"female"
0.203890609280461,0.0622404189683228,0.216988747990713,0.184682979103411,0.246093945347383,0.0614109662439722,5.0820331248468,107.560710065815,0.922834262806276,0.343800387059049,0,0.203890609280461,0.173944408889863,0.043108504398827,0.279113924050633,0.627146155811916,0,3.4453125,3.4453125,0.102276785714286,"female"
0.217520924032269,0.0446917476096639,0.226440435792106,0.196185033041615,0.247694231112699,0.0515091980710841,2.04566858802412,7.76278377043841,0.90252669356158,0.283721865765196,0.243693516699411,0.217520924032269,0.154622659469222,0.0431929480901077,0.279113924050633,0.533731278462626,0,3.4453125,3.4453125,0.090886780104712,"female"
0.216424386935446,0.0611511098111445,0.234391855688516,0.197735309876764,0.259546347562065,0.061811037685301,2.22589949685869,10.6893435255096,0.918588426527559,0.383178054771714,0,0.216424386935446,0.172643770098752,0.043491124260355,0.279113924050633,0.765649665753866,0,3.036181640625,3.036181640625,0.165523388753246,"female"
0.204498081741377,0.0453696323583281,0.207687086979818,0.187533488122879,0.233491694945526,0.0459582068226469,1.93992167842162,7.05105893367871,0.919085759822984,0.380430059109875,0.206686908376496,0.204498081741377,0.180541326082057,0.0439243027888446,0.275625,0.751412371735075,0,3.380712890625,3.380712890625,0.122261923256175,"female"
0.206047210517464,0.059775848394786,0.215688515806394,0.180682264690123,0.249894624040007,0.0692123593498839,1.46564941270671,4.66088438853992,0.930314517424446,0.453859026715175,0.263497053045187,0.206047210517464,0.163787172808662,0.043108504398827,0.277358490566038,0.831594971458978,0,11.025,11.025,0.0529426125919118,"female"
0.185834579651022,0.0688017152101464,0.200635827826398,0.155727808537239,0.237492409358814,0.0817646008215753,2.80562978338431,29.421313668045,0.956852239039445,0.612784242805426,0,0.185834579651022,0.164206189654264,0.043108504398827,0.279113924050633,0.495462439903846,0,3.940576171875,3.940576171875,0.0692670058413416,"female"
0.209357640246579,0.0621085066506147,0.222989819610645,0.201485979639221,0.249644579389177,0.0481585997499554,2.02114277650706,7.02326150016448,0.917696342193256,0.435110347115665,0.224940167887123,0.209357640246579,0.181941803028982,0.043448275862069,0.279113924050633,0.471991017801184,0,3.0146484375,3.0146484375,0.10015015015015,"female"
0.191748308769713,0.057993900691933,0.197535274156099,0.166779782103947,0.232141453831041,0.0653616717270941,1.36839651649902,4.71683040104914,0.937206310276709,0.490079034474264,0.00100017860332202,0.191748308769713,0.168038818714105,0.043108504398827,0.279113924050633,0.841261579672988,0,3.14384765625,3.14384765625,0.149335438203392,"female"
0.207581519094906,0.0465783018166961,0.208787283443472,0.187233434541882,0.237942489730309,0.0507090551884265,1.86742810335608,6.49543163088911,0.90601585928516,0.324017732182183,0.189383818539025,0.207581519094906,0.172646413648458,0.043108504398827,0.279113924050633,1.05591996060552,0,3.14384765625,3.14384765625,0.270547945205479,"female"
0.205899235148269,0.0507958413559052,0.209737453116628,0.187083407751384,0.240943025540275,0.0538596177888909,1.67831826904267,5.7845535567679,0.921613551064805,0.411248786938655,0.193284515091981,0.205899235148269,0.174641035299313,0.0435770750988142,0.279113924050633,0.724384508634868,0,3.509912109375,3.509912109375,0.162861299095566,"female"
0.21097322218526,0.0560522951492901,0.221089480264333,0.192634398999821,0.248744418646187,0.0561100196463654,1.55357072026924,4.78890397557903,0.924283527598395,0.393034744956003,0.233841757456689,0.21097322218526,0.16115768300701,0.0432777232580962,0.279113924050633,0.751060411311054,0,3.66064453125,3.66064453125,0.156457971928718,"female"
0.191727196724747,0.0703592007533189,0.208987319164136,0.160378639042686,0.247494195392034,0.0871155563493481,1.80113731338223,7.48143148986059,0.951738101631924,0.601679046088126,0.000950169673155921,0.191727196724747,0.15817574628784,0.0432352941176471,0.279113924050633,1.16263463637408,0,3.4453125,3.4453125,0.2048273657289,"female"
0.209667801965919,0.0528731236929319,0.217138774781211,0.195534916949455,0.241743168422933,0.0462082514734774,2.21917999072687,10.7477220250988,0.912100612791465,0.398051343787784,0.00100017860332202,0.209667801965919,0.188257196155462,0.0433628318584071,0.279113924050633,0.754371286723428,0,3.208447265625,3.208447265625,0.135315899097431,"female"
0.218075171479812,0.0491482121300456,0.230691194856224,0.202736202893374,0.250094659760672,0.0473584568672977,2.10424276842409,7.51033977280082,0.910368189286841,0.393072761355231,0.250144668690838,0.218075171479812,0.17251453476998,0.0434055118110236,0.279113924050633,0.704906328386288,0,3.3591796875,3.3591796875,0.0998055905842791,"female"
0.223053694551881,0.0498325469735377,0.236892302196821,0.203636363636364,0.255045543847116,0.0514091802107519,1.9571979280793,6.94895854973789,0.90588947386876,0.339235030752781,0.254395427754956,0.223053694551881,0.176669322810108,0.0435340572556762,0.279113924050633,0.731543764860734,0,3.273046875,3.273046875,0.155444918602813,"female"
0.197523095397227,0.063739195830638,0.208487229862475,0.169280228612252,0.247994284693695,0.0787140560814431,5.04746139336313,99.2104878592755,0.945468511396226,0.559554406065956,0.00100017860332202,0.197523095397227,0.176862272556113,0.0433628318584071,0.279113924050633,0.951168641349338,0,3.036181640625,3.036181640625,0.198305599249386,"female"
0.21801438234753,0.0469476263718115,0.226040364350777,0.200935881407394,0.249644579389177,0.0487086979817824,1.72444419515596,5.46966067294063,0.904421361104034,0.290972426633973,0.226890516163601,0.21801438234753,0.187569132997616,0.0431929480901077,0.279113924050633,0.713810519366197,0,3.509912109375,3.509912109375,0.177515242454747,"female"
0.21068426416442,0.0580289331944231,0.216288622968387,0.186083229148062,0.253595284872299,0.0675120557242365,1.77636806042233,6.40324346922516,0.915952885133631,0.332160230558994,0.276999464190034,0.21068426416442,0.177766672253398,0.0431929480901077,0.279113924050633,1.17479820589049,0,3.596044921875,3.596044921875,0.253638556220892,"female"
0.229833561374405,0.0414461924521972,0.237592427219146,0.215188426504733,0.257345954634756,0.0421575281300232,1.94399300710671,6.46544643198668,0.888314426049163,0.237690161361141,0.240042864797285,0.229833561374405,0.171219037894184,0.043108504398827,0.279113924050633,0.486650390625,0,3.466845703125,3.466845703125,0.0948295560771931,"female"
0.188558444371121,0.0605544954114316,0.20098589033756,0.154927665654581,0.231191284157885,0.0762636185033042,1.53789845174097,5.93668093715662,0.951211904469313,0.521412824500058,0.00120021432398643,0.188558444371121,0.177822860765496,0.043108504398827,0.279113924050633,0.643382236723266,0,3.552978515625,3.552978515625,0.119930852145617,"female"
0.210123539597066,0.0653226629908973,0.227490623325594,0.19098410430434,0.255895695659939,0.0649115913555992,1.77312937203211,5.95488487273495,0.932709543302785,0.524249669586047,0.271748526522593,0.210123539597066,0.143070373624933,0.0431929480901077,0.279113924050633,0.840976935411694,0,3.962109375,3.962109375,0.158891357241087,"female"
0.22046182156065,0.0460403165081538,0.228140739417753,0.202536167172709,0.252395070548312,0.0498589033756028,1.7054041382606,5.34964321579396,0.909748887339655,0.337664277763633,0.219089123057689,0.22046182156065,0.189443112278044,0.044188376753507,0.279113924050633,0.607840768914474,0,1.658056640625,1.658056640625,0.0955890955890956,"female"
0.200183040098273,0.0589087120890874,0.209237363814967,0.186533309519557,0.236292195034828,0.0497588855152706,2.28774732667071,11.5829095396831,0.929357788114887,0.500825619040772,0.00100017860332202,0.200183040098273,0.167135980149965,0.0432352941176471,0.279113924050633,0.842524482834507,0,3.66064453125,3.66064453125,0.132456140350877,"female"
0.179184243921176,0.0548489986782508,0.182332559385605,0.161828898017503,0.207237006608323,0.0454081085908198,5.65338342128379,96.8287922115946,0.923066708448847,0.48518865852706,0.00100017860332202,0.179184243921176,0.16541146548799,0.043491124260355,0.277358490566038,0.523402678349104,0,1.67958984375,1.67958984375,0.141741507223741,"female"
0.205154926870149,0.0550965291807933,0.211987854974103,0.165629576710127,0.251544918735489,0.0859153420253617,1.40796362158034,5.18357821661446,0.934918133344085,0.392950926355658,0.260096445793892,0.205154926870149,0.142285865789724,0.0431506849315069,0.279113924050633,0.8463183855563,0,3.48837890625,3.48837890625,0.17287539477462,"female"
0.208010195657447,0.0566516174919838,0.218739060546526,0.185933202357564,0.248394356135024,0.0624611537774603,1.5475675741195,4.99437550265481,0.930411710171238,0.429778723824997,0.00090016074298982,0.208010195657447,0.186613575135048,0.0439680957128614,0.279113924050633,0.836743895819142,0,3.617578125,3.617578125,0.142306325515281,"female"
0.196899153163125,0.0763120888137265,0.220389355242008,0.173230934095374,0.251644936595821,0.0784140025004465,1.97071350220267,7.98373739751492,0.942959892856929,0.561752071059271,0.00100017860332202,0.196899153163125,0.17108280031122,0.0434055118110236,0.279113924050633,1.12844516920007,0,3.768310546875,3.768310546875,0.201710963455149,"female"
0.207018700919425,0.0630532563122327,0.22754063225576,0.178431862832649,0.252945168780139,0.0745133059474906,1.99454771958145,7.27692648123082,0.939108972748064,0.540358805443873,0.244143597070906,0.207018700919425,0.120334358000488,0.043108504398827,0.275625,1.07461187595274,0,3.57451171875,3.57451171875,0.186474541381607,"female"
0.193205871794503,0.045289624498361,0.198635470619754,0.174331130559028,0.220239328451509,0.0459081978924808,1.90626177028482,6.62942466373391,0.9143895502391,0.3781046187741,0.205786747633506,0.193205871794503,0.15106606234091,0.0431929480901077,0.279113924050633,0.407913043259961,0,3.48837890625,3.48837890625,0.089302672636006,"female"
0.200826432415884,0.0511140569843157,0.205136631541347,0.184933023754242,0.230791212716557,0.0458581889623147,1.99714106217384,7.32795115001938,0.917605881696953,0.411536219139673,0.197135202714771,0.200826432415884,0.175362390086981,0.0431929480901077,0.279113924050633,0.777410947548231,0,3.337646484375,3.337646484375,0.125222066386162,"female"
0.193411728912284,0.0553883793024413,0.195234863368459,0.168830148240757,0.229791034113235,0.0609608858724772,1.99457932694941,9.61774851879432,0.931693378171292,0.464869042636406,0.00100017860332202,0.193411728912284,0.166576011191012,0.0434055118110236,0.279113924050633,0.498895778426205,0,2.648583984375,2.648583984375,0.0888119953863899,"female"
0.204007713837909,0.0458364948765031,0.207687086979818,0.171180567958564,0.239392748705126,0.0682121807465619,1.394484984696,4.59592427660937,0.924935696665774,0.350495557470897,0.162929094481157,0.204007713837909,0.144788379362,0.0431929480901077,0.279113924050633,0.519176555129717,0,2.734716796875,2.734716796875,0.114836768999381,"female"
0.20592032591734,0.0570769674422021,0.21663868547955,0.180782282550455,0.250494731202,0.0697124486515449,6.3798707501853,140.302429260187,0.925203959263848,0.412723315252537,0.120321485979639,0.20592032591734,0.168443299882682,0.0433628318584071,0.279113924050633,0.820353515625,0,4.974169921875,4.974169921875,0.0952244390730195,"female"
0.201764670829527,0.0560692255285404,0.211237721021611,0.191284157885337,0.234241828898018,0.0429576710126808,2.91676105683015,23.3049077700575,0.906190044746412,0.323643711943741,0,0.201764670829527,0.192870134517265,0.021896722939424,0.279113924050633,0.4527099609375,0,2.045654296875,2.045654296875,0.127631578947368,"female"
0.19324907441521,0.0500351705259361,0.193234506161815,0.169080192891588,0.225290230398285,0.0562100375066976,1.841850664895,6.79892981726711,0.930175908876291,0.461148046790158,0.175181282371852,0.19324907441521,0.175957102408562,0.0725328947368421,0.275625,0.461225509643555,0,2.71318359375,2.71318359375,0.0824586106844171,"female"
0.169550490816125,0.0569051237255896,0.175181282371852,0.151927129844615,0.205236649401679,0.0533095195570638,2.02726286314309,7.17866869801988,0.936593641480781,0.523146536793507,0.173981068047866,0.169550490816125,0.151658899225463,0.0469208211143695,0.27906976744186,0.654992378048781,0,3.4921875,3.4921875,0.138505592841163,"female"
0.21242953817168,0.0447344364165438,0.214538310412574,0.188583675656367,0.244193606001072,0.0556099303447044,1.56095409423625,4.99025112189242,0.913455474943645,0.291719751968161,0.193134488301482,0.21242953817168,0.160266112958479,0.0470127326150832,0.27906976744186,0.530790441176471,0,3.09375,3.09375,0.0787159920371599,"female"
0.20043894124128,0.0539875000891893,0.196485086622611,0.169880335774245,0.247944275763529,0.0780639399892838,2.05348370529998,7.33549877913255,0.917578272999828,0.39508744938628,0.200885872477228,0.20043894124128,0.158634468466266,0.0218100890207715,0.279113924050633,0.578196975420106,0,3.3699462890625,3.3699462890625,0.0818843696239863,"female"
0.171891349259859,0.0794962149512826,0.178531880692981,0.121021611001965,0.242243257724594,0.121221646722629,25.1943276270566,1169.53889105559,0.964615313477989,0.616663707361615,0,0.171891349259859,0.143304140026949,0.0433628318584071,0.279113924050633,0.560274220240935,0,1.07666015625,1.07666015625,0.143587443946188,"female"
0.219125057296248,0.0420679303989023,0.22368994463297,0.200535809966065,0.246894088230041,0.0463582782639757,1.91229732874046,6.45245541249584,0.894285318736395,0.270170103704611,0.202236113591713,0.219125057296248,0.166091453293965,0.0442326980942828,0.279113924050633,0.45847265625,0,3.05771484375,3.05771484375,0.0645016596393649,"female"
